"Pickup State","Pickup City","Pickup Pincode",Seller,"Seller Code","Pickup Date","Shipping Date","Delivered Date","Order Id","AWB Number","Courier Partner","Payment Type","Ship Pincode","Ship State","Ship City",Zone,"Invoice Amount","Billing Weight (Kg)","Dimension(L * H * H)(CM)","Product Name","Current Status","Collectable Value","Freight Charges","RTO Charges","COD Charges","Total Charges","AWB Assigned Date","Last Sync","Final Charge","Number of NDR attempts","First NDR raised date","First NDR raised time","First NDR Action By","Reason for First NDR","Action date for First NDR","Action Status for First NDR","Remarks for First NDR","First Updated Address Line 1","First Updated Address Line 1","First Updated Mobile","Second NDR raised date","Second NDR raised time","Second NDR Action By","Reason for Second NDR","Action date for Second NDR","Action Status for Second NDR","Remarks for Second NDR","Second Updated Address Line 1","Second Updated Address Line 1","Second Updated Mobile","Third NDR raised date","Third NDR raised time","Third NDR Action By","Reason for Third NDR","Action date for Third NDR","Action Status for Third NDR","Remarks for Third NDR","Third Updated Address Line 1","Third Updated Address Line 1","Third Updated Mobile"
"WEST BENGAL",KOLKATA,700030,"TWINNIC INDIA PRIVATE LIMITED",TW-100003,,"2024-09-12 18:33:11",,Demo_clone,`20691948292`,"Bluedart Air",prepaid,201301,"UTTAR PRADESH",NOIDA,C,500,500,"10 * 10 * 10",Test,Manifested,0,88.5,88.5,0,89,"2024-09-12 18:33:11","2024-09-12 20:31:35",1
"WEST BENGAL",KOLKATA,700030,"TWINNIC INDIA PRIVATE LIMITED",TW-100003,,"2024-09-12 18:31:00",,Demo,`20691947080`,"Bluedart Air",prepaid,201301,"UTTAR PRADESH",NOIDA,C,45000,10000,"10 * 10 * 10",Test,Manifested,0,1770,1770,0,1770,"2024-09-12 18:31:00","2024-09-12 20:31:02",1
"UTTAR PRADESH",NOIDA,201301,"TWINNIC INDIA PRIVATE LIMITED",TW-100003,,"2024-09-12 17:45:11",,OPC0606,`TWI23830450168`,SMC,prepaid,208001,"UTTAR PRADESH",KANPUR,D,3500,1500,"25 * 21 * 12","Landline Phone","Pickup Scheduled",0,160.48,160.48,0,160,"2024-09-12 17:45:11","2024-09-12 20:31:37",1
"UTTAR PRADESH",NOIDA,201301,"TWINNIC INDIA PRIVATE LIMITED",TW-100003,,"2024-09-12 17:38:49",,OPC0605,`27233510029470`,"Delhivery Lite",prepaid,574105,KARNATAKA,MALPE,D,2000,500,"22 * 18 * 6","Landline Phone","In Transit",0,64.9,64.9,0,65,"2024-09-12 17:38:49","2024-09-12 20:31:33",1
"UTTAR PRADESH",NOIDA,201301,"TWINNIC INDIA PRIVATE LIMITED",TW-100003,,"2024-09-12 17:13:10",,KJS236,`TWI23830450167`,SMC,prepaid,131028,HARYANA,KUNDLI,A,5000,500,"24 * 9 * 8","P.CONTACTOR DIL M65:EATON","Pickup Scheduled",0,38.94,38.94,0,39,"2024-09-12 17:13:10","2024-09-12 20:31:36",1
"UTTAR PRADESH",NOIDA,201301,"TWINNIC INDIA PRIVATE LIMITED",TW-100003,,"2024-09-12 17:07:45",,9WD2024-B00457,`28072410004900`,"Delhivery 10KG",prepaid,388121,GUJARAT,BARODA,D,107970,11000,"49 * 22 * 34","Automatic Over/Under Voltage|3 Phase Adjustable Over Voltage Protection","In Transit",0,496.78,496.78,0,497,"2024-09-12 17:07:45","2024-09-12 20:31:33",1
"UTTAR PRADESH",NOIDA,201301,"TWINNIC INDIA PRIVATE LIMITED",TW-100003,,"2024-09-12 17:04:41",,9WD2024-B00458,`TWI23830450166`,SMC,prepaid,560011,KARNATAKA,BANGALORE,C,4122,1500,"30 * 17 * 14","Buck Boost Converter Display|","Pickup Scheduled",0,141.6,141.6,0,142,"2024-09-12 17:04:41","2024-09-12 20:31:38",1
"WEST BENGAL",KOLKATA,700067,Plant,TW-100001,,"2024-09-12 16:27:40",,test,`20691841295`,"Bluedart Air",prepaid,110020,DELHI,"NEW DELHI",C,1000,500,"10 * 10 * 10",sd,Shipped,0,59,59,0,59,"2024-09-12 16:27:40","2024-09-12 16:27:40",1
"UTTAR PRADESH",NOIDA,201301,"TWINNIC INDIA PRIVATE LIMITED",TW-100003,,"2024-09-12 13:36:35",,MUSIC571,`TWI23830450165`,"SMC 2KG",prepaid,144001,PUNJAB,JALANDHAR,D,5500,2500,"98 * 10 * 10","Musical Instrument","Pickup Scheduled",0,238.95,238.95,0,239,"2024-09-12 13:36:35","2024-09-12 20:31:34",1
DELHI,"NEW DELHI",110019,"wisdom tech solution",TW-100024,,"2024-09-12 09:57:20",,1234,`27233710002450`,"Delhivery 5KG",prepaid,796005,MIZORAM,AIZWAL,E,27500,14000,"10 * 10 * 10",ONT,"In Transit",0,1053.74,0,0,1054,"2024-09-12 09:57:20","2024-09-12 20:31:33",1
"UTTAR PRADESH",NOIDA,201301,"TWINNIC INDIA PRIVATE LIMITED",TW-100003,,"2024-09-11 19:11:16",,MUSIC570,`27233510029466`,"Delhivery 2KG",prepaid,802301,BIHAR,BHOJPUR,D,6999,2500,"98 * 10 * 10","Music Instrument","In Transit",0,254.88,254.88,0,255,"2024-09-11 19:11:16","2024-09-12 20:31:20",1
"UTTAR PRADESH",NOIDA,201301,"TWINNIC INDIA PRIVATE LIMITED",TW-100003,,"2024-09-11 19:11:05",,MUSIC569,`27233510029455`,"Delhivery 2KG",prepaid,713213,"WEST BENGAL",DURGAPUR,D,6800,2500,"98 * 10 * 10","Music Instrument","In Transit",0,254.88,254.88,0,255,"2024-09-11 19:11:05","2024-09-12 20:31:20",1
"UTTAR PRADESH",NOIDA,201301,"TWINNIC INDIA PRIVATE LIMITED",TW-100003,,"2024-09-11 19:10:57",,MUSIC568,`27233510029444`,"Delhivery 2KG",prepaid,462026,"MADHYA PRADESH",BHOPAL,D,6700,2500,"98 * 10 * 10","Music Instrument","In Transit",0,254.88,254.88,0,255,"2024-09-11 19:10:57","2024-09-12 20:31:19",1
"UTTAR PRADESH",NOIDA,201301,"TWINNIC INDIA PRIVATE LIMITED",TW-100003,,"2024-09-11 19:10:44",,MUSIC567,`27233510029433`,"Delhivery 2KG",prepaid,440012,MAHARASHTRA,NAGPUR,D,6600,2500,"98 * 10 * 10","Music Instrument","In Transit",0,254.88,254.88,0,255,"2024-09-11 19:10:44","2024-09-12 20:31:19",1
"UTTAR PRADESH",NOIDA,201301,"TWINNIC INDIA PRIVATE LIMITED",TW-100003,,"2024-09-11 19:10:36",,MUSIC566,`27233510029422`,"Delhivery 2KG",prepaid,800007,BIHAR,PATNA,D,6500,2500,"98 * 10 * 10","Music Instrument","In Transit",0,254.88,254.88,0,255,"2024-09-11 19:10:36","2024-09-12 20:31:18",1
"UTTAR PRADESH",NOIDA,201301,"TWINNIC INDIA PRIVATE LIMITED",TW-100003,,"2024-09-11 19:10:28",,MUSIC565,`27233510029411`,"Delhivery 2KG",prepaid,500072,TELANGANA,HYDERABAD,C,6400,2500,"98 * 10 * 10","Music Instrument","In Transit",0,231.28,231.28,0,231,"2024-09-11 19:10:28","2024-09-12 20:31:18",1
"UTTAR PRADESH",NOIDA,201301,"TWINNIC INDIA PRIVATE LIMITED",TW-100003,,"2024-09-11 18:54:51",,MUSIC564,`TWI23830450164`,"SMC 2KG",prepaid,221010,"UTTAR PRADESH",VARANASI,D,6300,2500,"98 * 10 * 10","Music Instrument","Pickup Scheduled",0,238.95,238.95,0,239,"2024-09-11 18:54:51","2024-09-12 20:30:35",1
"UTTAR PRADESH",NOIDA,201301,"TWINNIC INDIA PRIVATE LIMITED",TW-100003,,"2024-09-11 18:54:29",,MUSIC563,`TWI23830450163`,"SMC 2KG",prepaid,263153,UTTARAKHAND,RUDRAPUR,B,6200,2500,"98 * 10 * 10","Music Instrument","Pickup Scheduled",0,155.76,155.76,0,156,"2024-09-11 18:54:29","2024-09-12 20:30:26",1
"UTTAR PRADESH",NOIDA,201301,"TWINNIC INDIA PRIVATE LIMITED",TW-100003,,"2024-09-11 18:53:47",,MUSIC562,`TWI23830450162`,"SMC 2KG",prepaid,712201,"WEST BENGAL",SERAMPORE,D,6100,2500,"98 * 10 * 10","Music Instrument","Pickup Scheduled",0,238.95,238.95,0,239,"2024-09-11 18:53:47","2024-09-12 20:31:24",1
"UTTAR PRADESH",NOIDA,201301,"TWINNIC INDIA PRIVATE LIMITED",TW-100003,,"2024-09-11 18:53:24",,MUSIC561,`27233510029400`,"Delhivery 2KG",prepaid,226010,"UTTAR PRADESH",LUCKNOW,D,5000,2500,"98 * 10 * 10","Music Instrument","In Transit",0,254.88,254.88,0,255,"2024-09-11 18:53:24","2024-09-12 20:31:15",1
"UTTAR PRADESH",NOIDA,201301,"TWINNIC INDIA PRIVATE LIMITED",TW-100003,,"2024-09-11 18:53:02",,MUSIC560,`TWI23830450161`,"SMC 2KG",prepaid,380006,GUJARAT,AHMEDABAD,D,4900,2500,"98 * 10 * 10","Music Instrument","Pickup Scheduled",0,238.95,238.95,0,239,"2024-09-11 18:53:02","2024-09-12 20:31:23",1
"UTTAR PRADESH",NOIDA,201301,"TWINNIC INDIA PRIVATE LIMITED",TW-100003,,"2024-09-11 18:52:37",,MUSIC559,`TWI23830450160`,"SMC 2KG",prepaid,530027,TELANGANA,VISHAKAPATNAM,D,4800,2500,"98 * 10 * 10","Music Instrument","Pickup Scheduled",0,238.95,238.95,0,239,"2024-09-11 18:52:37","2024-09-12 20:31:22",1
"UTTAR PRADESH",NOIDA,201301,"TWINNIC INDIA PRIVATE LIMITED",TW-100003,,"2024-09-11 18:52:02",,MUSIC558,`27233510029396`,"Delhivery 2KG",prepaid,457001,"MADHYA PRADESH",RATLAM,D,4700,2500,"98 * 10 * 10","Music Instrument","In Transit",0,254.88,254.88,0,255,"2024-09-11 18:52:02","2024-09-12 20:31:14",1
"UTTAR PRADESH",NOIDA,201301,"TWINNIC INDIA PRIVATE LIMITED",TW-100003,,"2024-09-11 18:51:28",,MUSIC557,`TWI23830450159`,"SMC 2KG",prepaid,380006,GUJARAT,AHMEDABAD,D,4600,2500,"98 * 10 * 10","Music Instrument","Pickup Scheduled",0,238.95,238.95,0,239,"2024-09-11 18:51:28","2024-09-12 20:31:21",1
"UTTAR PRADESH",NOIDA,201301,"TWINNIC INDIA PRIVATE LIMITED",TW-100003,,"2024-09-11 18:50:57",,MUSIC555,`27233510029385`,"Delhivery 2KG",prepaid,440012,MAHARASHTRA,NAGPUR,D,4400,2500,"98 * 10 * 10","Music Instrument","In Transit",0,254.88,254.88,0,255,"2024-09-11 18:50:57","2024-09-12 20:31:14",1
"UTTAR PRADESH",NOIDA,201301,"TWINNIC INDIA PRIVATE LIMITED",TW-100003,,"2024-09-11 18:49:54",,MUSIC556,`TWI23830450158`,"SMC 2KG",prepaid,122018,HARYANA,GURGAON,A,4500,2500,"98 * 10 * 10","Music Instrument","Pickup Scheduled",0,127.44,127.44,0,127,"2024-09-11 18:49:54","2024-09-12 20:31:19",1
"UTTAR PRADESH",NOIDA,201301,"TWINNIC INDIA PRIVATE LIMITED",TW-100003,,"2024-09-11 18:48:33",,MUSIC554,`27233510029374`,"Delhivery 2KG",prepaid,769012,ORISSA,ROURKELA,D,4300,2500,"98 * 10 * 10","Music Instrument","In Transit",0,254.88,254.88,0,255,"2024-09-11 18:48:33","2024-09-12 20:31:14",1
"UTTAR PRADESH",NOIDA,201301,"TWINNIC INDIA PRIVATE LIMITED",TW-100003,,"2024-09-11 18:47:57",,MUSIC553,`27233510029363`,"Delhivery 2KG",prepaid,768001,ORISSA,SAMBALPUR,D,4200,2500,"98 * 10 * 10","Music Instrument","In Transit",0,254.88,254.88,0,255,"2024-09-11 18:47:57","2024-09-12 20:31:13",1
"UTTAR PRADESH",NOIDA,201301,"TWINNIC INDIA PRIVATE LIMITED",TW-100003,,"2024-09-11 18:47:34",,MUSIC552,`27233510029352`,"Delhivery 2KG",prepaid,173212,"HIMACHAL PRADESH",SOLAN,B,4100,2500,"98 * 10 * 10","Music Instrument","In Transit",0,151.28,151.28,0,151,"2024-09-11 18:47:34","2024-09-12 20:31:13",1
"UTTAR PRADESH",NOIDA,201301,"TWINNIC INDIA PRIVATE LIMITED",TW-100003,,"2024-09-11 18:46:59",,MUSIC551,`TWI23830450157`,"SMC 2KG",prepaid,751007,ORISSA,BHUBANESHWAR,D,4000,2500,"98 * 10 * 10","Music Instrument","Pickup Scheduled",0,238.95,238.95,0,239,"2024-09-11 18:46:59","2024-09-12 20:31:18",1
"UTTAR PRADESH",NOIDA,201301,"TWINNIC INDIA PRIVATE LIMITED",TW-100003,2024-09-12T11:11:07Z,"2024-09-11 18:37:45",,KJS236,`SF1383797362TWN`,SHADOWFAX,prepaid,110006,DELHI,"NEW DELHI",A,1500,100,"16 * 12 * 10",Document,"Picked Up",0,37.76,37.76,0,38,"2024-09-11 18:37:45","2024-09-12 20:31:16",1
"UTTAR PRADESH",NOIDA,201301,"TWINNIC INDIA PRIVATE LIMITED",TW-100003,,"2024-09-11 18:14:55",,HES300,`27233510029341`,"Delhivery Lite",prepaid,769012,ORISSA,ROURKELA,D,4600,500,"20 * 10 * 6","Electronic Bettry","In Transit",0,64.9,64.9,0,65,"2024-09-11 18:14:55","2024-09-12 20:31:15",1
"UTTAR PRADESH",NOIDA,201301,"TWINNIC INDIA PRIVATE LIMITED",TW-100003,,"2024-09-11 17:23:46",,Amici_01,`27233510029330`,"Delhivery 2KG",prepaid,175131,"HIMACHAL PRADESH",BHUNTAR,D,4999,3000,"28 * 21 * 16","Sample product","In Transit",0,254.88,254.88,0,255,"2024-09-11 17:23:46","2024-09-12 20:31:15",1
"UTTAR PRADESH",NOIDA,201301,"TWINNIC INDIA PRIVATE LIMITED",TW-100003,,"2024-09-11 17:22:45",,9WD2024-B00451,`27233510029326`,"Delhivery 2KG",prepaid,365540,GUJARAT,AMRELI,D,2928,1500,"24 * 14 * 8","18w 100 LED UV Torch 395 nm Wavelength Ultraviolet Pet Urine|","In Transit",0,182.9,182.9,0,183,"2024-09-11 17:22:45","2024-09-12 20:31:14",1
"UTTAR PRADESH",NOIDA,201301,"TWINNIC INDIA PRIVATE LIMITED",TW-100003,,"2024-09-11 17:21:15",,Amici_02,`27233510029315`,"Delhivery 2KG",prepaid,222181,"UTTAR PRADESH",JAUNPUR,D,4999,1500,"21 * 18 * 13","Sample product","In Transit",0,182.9,182.9,0,183,"2024-09-11 17:21:15","2024-09-12 20:31:13",1
"UTTAR PRADESH",NOIDA,201301,"TWINNIC INDIA PRIVATE LIMITED",TW-100003,,"2024-09-11 17:18:57",,9WD2024-B00450,`27233510029304`,"Delhivery Lite",prepaid,391165,GUJARAT,VADODARA,D,3441,1000,"22 * 10 * 7","Automatic Over/Under Voltage (Adjustable Setting) Protection","In Transit",0,129.8,129.8,0,130,"2024-09-11 17:18:57","2024-09-12 20:30:43",1
"UTTAR PRADESH",NOIDA,201301,"TWINNIC INDIA PRIVATE LIMITED",TW-100003,,"2024-09-11 17:18:02",,Amici_01,`27233510029293`,"Delhivery 2KG",prepaid,175131,"HIMACHAL PRADESH",BHUNTAR,D,5500,3000,"28 * 21 * 16","Voltage Protection","Pickup Scheduled",0,254.88,254.88,0,255,"2024-09-11 17:18:02","2024-09-12 20:30:09",1
"UTTAR PRADESH",NOIDA,201301,"TWINNIC INDIA PRIVATE LIMITED",TW-100003,,"2024-09-11 17:04:05",,Sep/24-25/010,`58142667645`,"Bluedart Air 10kg",prepaid,700073,"WEST BENGAL",KOLKATA,C,36400,10000,"40 * 44 * 30","TC 700 Cordless Phone",NDR,0,2242,2242,0,2242,"2024-09-11 17:04:05","2024-09-12 20:31:35",1
"UTTAR PRADESH",NOIDA,201301,"TWINNIC INDIA PRIVATE LIMITED",TW-100003,,"2024-09-11 16:51:34",,KRE033,`TWI23830450156`,SMC,prepaid,122004,HARYANA,GURGAON,A,2500,100,"19 * 6 * 1","jewellery Article","In Transit",0,38.94,38.94,0,39,"2024-09-11 16:51:34","2024-09-12 20:31:13",1
"UTTAR PRADESH",NOIDA,201301,"TWINNIC INDIA PRIVATE LIMITED",TW-100003,,"2024-09-11 16:38:41",,VTRO143,`27233510029282`,"Delhivery Lite",prepaid,500011,TELANGANA,HYDERABAD,C,3500,100,"16 * 12 * 10",Document,"In Transit",0,60.89,60.89,0,61,"2024-09-11 16:38:41","2024-09-12 20:31:12",1
"UTTAR PRADESH",NOIDA,201301,"TWINNIC INDIA PRIVATE LIMITED",TW-100003,,"2024-09-11 15:35:12",,MUSIC550,`27233510029271`,"Delhivery 2KG",prepaid,175001,"HIMACHAL PRADESH",MANDI,D,6000,2500,"98 * 10 * 10","Music Instrument","In Transit",0,254.88,254.88,0,255,"2024-09-11 15:35:12","2024-09-12 20:31:12",1
"UTTAR PRADESH",NOIDA,201301,"TWINNIC INDIA PRIVATE LIMITED",TW-100003,,"2024-09-11 15:28:35",,MUSIC549,`TWI23830450155`,"SMC 2KG",prepaid,110024,DELHI,"NEW DELHI",A,5600,2500,"98 * 10 * 10","Music Instrument","In Transit",0,127.44,127.44,0,127,"2024-09-11 15:28:35","2024-09-12 20:31:12",1
"UTTAR PRADESH",NOIDA,201301,"TWINNIC INDIA PRIVATE LIMITED",TW-100003,,"2024-09-11 13:30:51",,MUSIC548,`TWI23830450154`,"SMC 2KG",prepaid,121003,HARYANA,FARIDABAD,A,5300,2500,"98 * 10 * 10","Music Instrument","In Transit",0,127.44,127.44,0,127,"2024-09-11 13:30:51","2024-09-12 20:30:43",1
"UTTAR PRADESH",NOIDA,201301,"TWINNIC INDIA PRIVATE LIMITED",TW-100003,,"2024-09-11 13:28:13",,MUSIC547,`27233510029260`,"Delhivery 2KG",prepaid,756001,ORISSA,BALASORE,D,8600,2500,"98 * 10 * 10","Music Instrument","In Transit",0,254.88,254.88,0,255,"2024-09-11 13:28:13","2024-09-12 20:31:09",1
"UTTAR PRADESH",NOIDA,201301,"TWINNIC INDIA PRIVATE LIMITED",TW-100003,,"2024-09-11 13:28:03",,MUSIC546,`27233510029256`,"Delhivery 2KG",prepaid,141001,PUNJAB,LUDHIANA,B,8400,2500,"98 * 10 * 10","Music Instrument","In Transit",0,151.28,151.28,0,151,"2024-09-11 13:28:03","2024-09-12 20:31:09",1
"UTTAR PRADESH",NOIDA,201301,"TWINNIC INDIA PRIVATE LIMITED",TW-100003,,"2024-09-11 13:27:45",,MUSIC545,`27233510029245`,"Delhivery 2KG",prepaid,854318,BIHAR,FORBESGANJ,D,8400,2500,"98 * 10 * 10","Music Instrument","In Transit",0,254.88,254.88,0,255,"2024-09-11 13:27:45","2024-09-12 20:31:09",1
"UTTAR PRADESH",NOIDA,201301,"TWINNIC INDIA PRIVATE LIMITED",TW-100003,,"2024-09-11 13:23:54",,MUSIC544,`27233510029234`,"Delhivery 2KG",prepaid,742103,"WEST BENGAL",KHAGRA,D,8300,2500,"98 * 10 * 10","Music Instrument","In Transit",0,254.88,254.88,0,255,"2024-09-11 13:23:54","2024-09-12 20:31:09",1
"UTTAR PRADESH",NOIDA,201301,"TWINNIC INDIA PRIVATE LIMITED",TW-100003,,"2024-09-11 13:23:33",,MUSIC543,`TWI23830450153`,"SMC 2KG",prepaid,110024,DELHI,"NEW DELHI",A,8300,2500,"98 * 10 * 10","Music Instrument","In Transit",0,127.44,127.44,0,127,"2024-09-11 13:23:33","2024-09-12 20:31:08",1
"UTTAR PRADESH",NOIDA,201301,"TWINNIC INDIA PRIVATE LIMITED",TW-100003,,"2024-09-11 13:23:14",,MUSIC542,`TWI23830450152`,"SMC 2KG",prepaid,411017,MAHARASHTRA,PUNE,C,8200,2500,"98 * 10 * 10","Music Instrument","In Transit",0,198.24,198.24,0,198,"2024-09-11 13:23:14","2024-09-12 20:31:07",1
"UTTAR PRADESH",NOIDA,201301,"TWINNIC INDIA PRIVATE LIMITED",TW-100003,,"2024-09-11 13:22:50",,MUSIC541,`TWI23830450151`,"SMC 2KG",prepaid,380006,GUJARAT,AHMEDABAD,D,8100,2500,"98 * 10 * 10","Music Instrument","In Transit",0,238.95,238.95,0,239,"2024-09-11 13:22:50","2024-09-12 20:31:06",1
"UTTAR PRADESH",NOIDA,201301,"TWINNIC INDIA PRIVATE LIMITED",TW-100003,,"2024-09-11 13:19:18",,MUSIC540,`27233510029223`,"Delhivery 2KG",prepaid,136118,HARYANA,KURUKSHETRA,B,8000,2500,"98 * 10 * 10","Music Instrument","In Transit",0,151.28,151.28,0,151,"2024-09-11 13:19:18","2024-09-12 20:31:02",1
"UTTAR PRADESH",NOIDA,201301,"TWINNIC INDIA PRIVATE LIMITED",TW-100003,,"2024-09-11 13:18:37",,MUSIC539,`TWI23830450150`,"SMC 2KG",prepaid,211001,"UTTAR PRADESH",ALLAHABAD,D,7900,2500,"98 * 10 * 10","Music Instrument","In Transit",0,238.95,238.95,0,239,"2024-09-11 13:18:37","2024-09-12 20:30:41",1
"UTTAR PRADESH",NOIDA,201301,"TWINNIC INDIA PRIVATE LIMITED",TW-100003,,"2024-09-11 13:17:54",,MUSIC538,`27233510029212`,"Delhivery 2KG",prepaid,249201,UTTARAKHAND,RISHIKESH,B,7800,2500,"98 * 10 * 10","Music Instrument","In Transit",0,151.28,151.28,0,151,"2024-09-11 13:17:54","2024-09-12 20:30:07",1
"UTTAR PRADESH",NOIDA,201301,"TWINNIC INDIA PRIVATE LIMITED",TW-100003,,"2024-09-11 13:16:42",,MUSIC537,`27233510029201`,"Delhivery 2KG",prepaid,324007,RAJASTHAN,KOTA,D,7700,2500,"98 * 10 * 10","Music Instrument","In Transit",0,254.88,254.88,0,255,"2024-09-11 13:16:42","2024-09-12 20:31:05",1
"UTTAR PRADESH",NOIDA,201301,"TWINNIC INDIA PRIVATE LIMITED",TW-100003,,"2024-09-11 13:14:51",,MUSIC536,`TWI23830450149`,"SMC 2KG",prepaid,248001,UTTARAKHAND,DEHRADUN,B,7600,2500,"98 * 10 * 10","Music Instrument","In Transit",0,155.76,155.76,0,156,"2024-09-11 13:14:51","2024-09-12 20:31:04",1
"UTTAR PRADESH",NOIDA,201301,"TWINNIC INDIA PRIVATE LIMITED",TW-100003,,"2024-09-11 12:59:43",,MUSIC535,`TWI23830450148`,"SMC 2KG",prepaid,143001,PUNJAB,AMRITSAR,D,7500,2500,"98 * 10 * 10","Music Instrument","In Transit",0,238.95,238.95,0,239,"2024-09-11 12:59:43","2024-09-12 20:31:03",1
"UTTAR PRADESH",NOIDA,201301,"TWINNIC INDIA PRIVATE LIMITED",TW-100003,,"2024-09-11 12:59:25",,MUSIC534,`TWI23830450147`,"SMC 2KG",prepaid,302016,RAJASTHAN,JAIPUR,B,7400,2500,"98 * 10 * 10","Music Instrument","In Transit",0,155.76,155.76,0,156,"2024-09-11 12:59:25","2024-09-12 20:31:01",1
"UTTAR PRADESH",NOIDA,201301,"TWINNIC INDIA PRIVATE LIMITED",TW-100003,,"2024-09-11 12:59:04",,MUSIC533,`TWI23830450146`,"SMC 2KG",prepaid,560010,KARNATAKA,BANGALORE,C,7300,2500,"98 * 10 * 10","Music Instrument","In Transit",0,198.24,198.24,0,198,"2024-09-11 12:59:04","2024-09-12 20:31:00",1
"UTTAR PRADESH",NOIDA,201301,"TWINNIC INDIA PRIVATE LIMITED",TW-100003,,"2024-09-11 12:58:10",,MUSIC532,`TWI23830450145`,"SMC 2KG",prepaid,800001,BIHAR,PATNA,D,7300,2500,"98 * 10 * 10","Music Instrument","In Transit",0,238.95,238.95,0,239,"2024-09-11 12:58:10","2024-09-12 20:30:59",1
"UTTAR PRADESH",NOIDA,201301,"TWINNIC INDIA PRIVATE LIMITED",TW-100003,,"2024-09-11 12:57:41",,MUSIC531,`27233510029190`,"Delhivery 2KG",prepaid,495001,CHHATTISGARH,BILASPUR,D,7200,2500,"98 * 10 * 10","Music Instrument","In Transit",0,254.88,254.88,0,255,"2024-09-11 12:57:41","2024-09-12 20:30:58",1
"UTTAR PRADESH",NOIDA,201301,"TWINNIC INDIA PRIVATE LIMITED",TW-100003,,"2024-09-11 12:57:25",,MUSIC530,`27233510029186`,"Delhivery 2KG",prepaid,160042,CHANDIGARH,CHANDIGARH,E,7100,2500,"98 * 10 * 10","Music Instrument","In Transit",0,331.58,331.58,0,332,"2024-09-11 12:57:25","2024-09-12 20:30:57",1
"UTTAR PRADESH",NOIDA,201301,"TWINNIC INDIA PRIVATE LIMITED",TW-100003,,"2024-09-11 12:56:31",,MUSIC526,`TWI23830450144`,"SMC 2KG",prepaid,403001,GOA,PANJIM,D,6900,2500,"98 * 10 * 10","Music Instrument","In Transit",0,238.95,238.95,0,239,"2024-09-11 12:56:31","2024-09-12 20:30:57",1
"UTTAR PRADESH",NOIDA,201301,"TWINNIC INDIA PRIVATE LIMITED",TW-100003,,"2024-09-11 12:56:23",,MUSIC527,`27233510029175`,"Delhivery 2KG",prepaid,160046,CHANDIGARH,CHANDIGARH,E,7000,2500,"98 * 10 * 10","Music Instrument","In Transit",0,331.58,331.58,0,332,"2024-09-11 12:56:23","2024-09-12 20:30:56",1
"UTTAR PRADESH",NOIDA,201301,"TWINNIC INDIA PRIVATE LIMITED",TW-100003,,"2024-09-11 12:54:16",,MUSIC525,`TWI23830450143`,"SMC 2KG",prepaid,560011,KARNATAKA,BANGALORE,C,6800,2500,"98 * 10 * 10","Music Instrument","In Transit",0,198.24,198.24,0,198,"2024-09-11 12:54:16","2024-09-12 20:30:27",1
"UTTAR PRADESH",NOIDA,201301,"TWINNIC INDIA PRIVATE LIMITED",TW-100003,,"2024-09-11 12:53:43",,MUSIC524,`TWI23830450142`,"SMC 2KG",prepaid,110017,DELHI,"NEW DELHI",A,6700,2500,"98 * 10 * 10","Music Instrument","In Transit",0,127.44,127.44,0,127,"2024-09-11 12:53:43","2024-09-12 20:30:56",1
"UTTAR PRADESH",NOIDA,201301,"TWINNIC INDIA PRIVATE LIMITED",TW-100003,,"2024-09-11 12:53:24",,MUSIC523,`27233510029164`,"Delhivery 2KG",prepaid,854328,BIHAR,ARARIA,D,6600,2500,"98 * 10 * 10","Music Instrument","In Transit",0,254.88,254.88,0,255,"2024-09-11 12:53:24","2024-09-12 20:30:45",1
"UTTAR PRADESH",NOIDA,201301,"TWINNIC INDIA PRIVATE LIMITED",TW-100003,,"2024-09-11 12:53:07",,MUSIC522,`27233510029153`,"Delhivery 2KG",prepaid,146001,PUNJAB,HOSHIARPUR,B,6500,2500,"98 * 10 * 10","Music Instrument","In Transit",0,151.28,151.28,0,151,"2024-09-11 12:53:07","2024-09-12 20:30:44",1
"UTTAR PRADESH",NOIDA,201301,"TWINNIC INDIA PRIVATE LIMITED",TW-100003,,"2024-09-11 12:52:11",,MUSIC521,`27233510029142`,"Delhivery 2KG",prepaid,175001,"HIMACHAL PRADESH",MANDI,D,6000,2500,"98 * 10 * 10","Music Instrument","In Transit",0,254.88,254.88,0,255,"2024-09-11 12:52:11","2024-09-12 20:30:41",1
"UTTAR PRADESH",NOIDA,201301,"TWINNIC INDIA PRIVATE LIMITED",TW-100003,,"2024-09-11 12:48:51",,MUSIC520,`27233510029131`,"Delhivery 2KG",prepaid,768004,ORISSA,SAMBALPUR,D,5500,2500,"98 * 10 * 10","Music Instrument","In Transit",0,254.88,254.88,0,255,"2024-09-11 12:48:51","2024-09-12 20:30:41",1
"UTTAR PRADESH",NOIDA,201301,"TWINNIC INDIA PRIVATE LIMITED",TW-100003,,"2024-09-11 12:47:59",,MUSIC519,`27233510029120`,"Delhivery 2KG",prepaid,142001,PUNJAB,MOGA,B,5000,2500,"98 * 10 * 10","Music Instrument","In Transit",0,151.28,151.28,0,151,"2024-09-11 12:47:59","2024-09-12 20:30:41",1
"UTTAR PRADESH",NOIDA,201301,"TWINNIC INDIA PRIVATE LIMITED",TW-100003,,"2024-09-11 12:09:10",,MUSIC528,`28072410004896`,"Delhivery 10KG",prepaid,560077,KARNATAKA,BANGALORE,C,15000,15000,"97 * 52 * 18","Electronic equipment","In Transit",0,731.6,731.6,0,732,"2024-09-11 12:09:10","2024-09-12 20:30:45",1
HARYANA,"DELHI NCR",122052,"TWINNIC INDIA PRIVATE LIMITED",TW-100003,,"2024-09-11 11:26:14",,VTRO142,`27233510029116`,"Delhivery 2KG",prepaid,500011,TELANGANA,HYDERABAD,D,8000,2000,"10 * 10 * 10","Marcela K2 EDTA Vaccum 3ml","Pickup Scheduled",0,182.9,182.9,0,183,"2024-09-11 11:26:14","2024-09-12 20:31:17",1
"UTTAR PRADESH",MUZAFFARNAGAR,247775,"TWINNIC INDIA PRIVATE LIMITED",TW-100003,,"2024-09-11 10:37:59",,OD331105543777266100,`27233510029105`,"Delhivery Lite",prepaid,201301,"UTTAR PRADESH",NOIDA,A,1004,500,"16 * 12 * 10","1 Digital Thermostat AC 220V| 1500W","In Transit",0,45.14,45.14,0,45,"2024-09-11 10:37:59","2024-09-12 20:30:41",1
"MADHYA PRADESH",BURHANPUR,450331,"TWINNIC INDIA PRIVATE LIMITED",TW-100003,,"2024-09-11 10:36:13",,403-5295677-5803565,`27233510029094`,"Delhivery Lite",prepaid,201301,"UTTAR PRADESH",NOIDA,D,1298,500,"16 * 12 * 10","AC Programmable Timer Switch DIN Rail| 220V| 30A","In Transit",0,64.9,64.9,0,65,"2024-09-11 10:36:13","2024-09-12 20:30:40",1
RAJASTHAN,JHUNJHUNU,333516,"TWINNIC INDIA PRIVATE LIMITED",TW-100003,,"2024-09-11 10:34:48",,171-3122399-5867518,`27233510029083`,"Delhivery Lite",prepaid,201301,"UTTAR PRADESH",NOIDA,B,1549,500,"16 * 12 * 10","Voltage protection","Pickup Scheduled",0,50.33,50.33,0,50,"2024-09-11 10:34:48","2024-09-12 20:30:54",1
"UTTAR PRADESH",MATHURA,281001,"TWINNIC INDIA PRIVATE LIMITED",TW-100003,,"2024-09-11 10:33:14",,408-3014611-7557105,`27233510029072`,"Delhivery Lite",prepaid,201301,"UTTAR PRADESH",NOIDA,B,1549,500,"16 * 12 * 10","Voltage protection","Pickup Scheduled",0,50.33,50.33,0,50,"2024-09-11 10:33:14","2024-09-12 20:30:54",1
BIHAR,NALANDA,803212,"TWINNIC INDIA PRIVATE LIMITED",TW-100003,,"2024-09-11 10:32:20",,403-8870062-1560337,`27233510029061`,"Delhivery Lite",prepaid,201301,"UTTAR PRADESH",NOIDA,D,1549,500,"16 * 12 * 10","Voltage Protection","In Transit",0,64.9,64.9,0,65,"2024-09-11 10:32:20","2024-09-12 20:30:45",1
"UTTAR PRADESH",NOIDA,201301,"TWINNIC INDIA PRIVATE LIMITED",TW-100003,,"2024-09-11 10:30:52",,405-9402145-2722713,`27233510029050`,"Delhivery Lite",prepaid,201301,"UTTAR PRADESH",NOIDA,A,1129,500,"16 * 12 * 10","Timer Switch","Pickup Scheduled",0,45.14,45.14,0,45,"2024-09-11 10:30:52","2024-09-12 20:30:29",1
HARYANA,GURGAON,122105,"TWINNIC INDIA PRIVATE LIMITED",TW-100003,,"2024-09-11 10:29:08",,408-7012653-0485923,`27233510029046`,"Delhivery Lite",prepaid,201301,"UTTAR PRADESH",NOIDA,A,2260,500,"16 * 12 * 10","Voltage Protection","Pickup Scheduled",0,45.14,45.14,0,45,"2024-09-11 10:29:08","2024-09-12 20:31:16",1
"UTTAR PRADESH",NOIDA,201301,"TWINNIC INDIA PRIVATE LIMITED",TW-100003,,"2024-09-10 17:29:10","2024-09-12 16:57:28",KJS235,`TWI23830450141`,"SMC 5KG",prepaid,131028,HARYANA,KUNDLI,A,18859,9000,"35 * 20 * 18","INSULATION TAPE RED+CABLE 4 CORE",Delivered,0,269.04,269.04,0,269,"2024-09-10 17:29:10","2024-09-12 17:18:48",1
"UTTAR PRADESH",NOIDA,201301,"TWINNIC INDIA PRIVATE LIMITED",TW-100003,,"2024-09-10 17:06:42","2024-09-11 17:09:00",Amici_Kol2,`20690801843`,"Bluedart Air",prepaid,700023,"WEST BENGAL",KOLKATA,C,2000,500,"10 * 10 * 10","Tester AM63LE",Delivered,0,88.5,88.5,0,89,"2024-09-10 17:06:42","2024-09-11 17:19:44",1
"UTTAR PRADESH",NOIDA,201301,"TWINNIC INDIA PRIVATE LIMITED",TW-100003,,"2024-09-10 16:03:17",,OPC0603,`27233510029035`,"Delhivery Lite",prepaid,485001,"MADHYA PRADESH",SATNA,D,3000,500,"22 * 18 * 6","Landline Phone","In Transit",0,64.9,64.9,0,65,"2024-09-10 16:03:17","2024-09-12 20:30:39",1
"UTTAR PRADESH",NOIDA,201301,"TWINNIC INDIA PRIVATE LIMITED",TW-100003,,"2024-09-10 16:01:11",,OPC0602,`27233510029024`,"Delhivery Lite",prepaid,442605,MAHARASHTRA,GADCHIROLI,D,2000,500,"22 * 18 * 6","Landline Phone","In Transit",0,64.9,64.9,0,65,"2024-09-10 16:01:11","2024-09-12 20:30:39",1
"WEST BENGAL",TITAGARH,700119,"TWINNIC INDIA PRIVATE LIMITED",TW-100003,,"2024-09-10 15:31:27",,405-7594144-0007513.,`27233510029013`,"Delhivery Lite",prepaid,201301,"UTTAR PRADESH",NOIDA,D,1499,500,"16 * 12 * 10","A4 Drawing/ Tracing Board","Pickup Scheduled",0,64.9,64.9,0,65,"2024-09-10 15:31:27","2024-09-12 20:30:48",1
"UTTAR PRADESH",NOIDA,201301,"TWINNIC INDIA PRIVATE LIMITED",TW-100003,,"2024-09-10 12:20:38",,Test_clone,`27233710002446`,"Delhivery 5KG",prepaid,796005,MIZORAM,AIZWAL,E,10000,9000,"10 * 10 * 10","Solar Charge Controller",Cancelled,0,687.94,687.94,0,688,"2024-09-10 12:20:38","2024-09-10 12:20:38",1
"UTTAR PRADESH",NOIDA,201301,"TWINNIC INDIA PRIVATE LIMITED",TW-100003,,"2024-09-10 12:19:37",,Test,`27233710002435`,"Delhivery 5KG",prepaid,796005,MIZORAM,AIZWAL,E,10000,5000,"10 * 10 * 10","Solar Charge Controller",Cancelled,0,395.3,395.3,0,395,"2024-09-10 12:19:37","2024-09-10 12:19:37",1
TAMILNADU,ERODE,638002,"TWINNIC INDIA PRIVATE LIMITED",TW-100003,,"2024-09-10 12:02:51",,WB-217204.,`27233510029002`,"Delhivery Lite",prepaid,201301,"UTTAR PRADESH",NOIDA,E,1979,500,"16 * 12 * 10","DC Electrical Parameters Display","Pickup Scheduled",0,84.96,84.96,0,85,"2024-09-10 12:02:51","2024-09-12 20:31:33",1
MAHARASHTRA,MUMBAI,400099,"TWINNIC INDIA PRIVATE LIMITED",TW-100003,,"2024-09-10 11:56:41",,407-7597248-1836366.,`SF1383797304TWN`,SHADOWFAX,prepaid,201301,"UTTAR PRADESH",NOIDA,C,1649,500,"16 * 12 * 10","Digital Energy Meter",Manifested,0,54.28,54.28,0,54,"2024-09-10 11:56:41","2024-09-12 20:31:27",1
"UTTAR PRADESH",NOIDA,201309,"TWINNIC INDIA PRIVATE LIMITED",TW-100003,,"2024-09-10 11:56:33",,171-8822906-7576323.,`SF1380694345TWN`,SHADOWFAX,prepaid,201301,"UTTAR PRADESH",NOIDA,A,988,500,"16 * 12 * 10","Solar Charge Controller",Manifested,0,37.76,37.76,0,38,"2024-09-10 11:56:33","2024-09-12 20:30:51",1
DELHI,"NEW DELHI",110019,"wisdom tech solution",TW-100024,,"2024-09-10 11:54:37",,1234,`27233510028991`,"Delhivery Lite",prepaid,400093,MAHARASHTRA,MUMBAI,C,27500,500,"10 * 10 * 10",ONT,Cancelled,0,60.89,0,0,61,"2024-09-10 11:54:37","2024-09-10 11:55:59",1
GUJARAT,SURAT,394270,"TWINNIC INDIA PRIVATE LIMITED",TW-100003,,"2024-09-10 10:38:35",,408-3312991-1169962,`27233510028980`,"Delhivery Lite",prepaid,201301,"UTTAR PRADESH",NOIDA,D,1299,500,"16 * 12 * 10","TK700 Rechargeable Torch","Pickup Scheduled",0,64.9,64.9,0,65,"2024-09-10 10:38:35","2024-09-12 20:30:48",1
"UTTAR PRADESH",MAU,275101,"TWINNIC INDIA PRIVATE LIMITED",TW-100003,,"2024-09-10 10:36:47",,09WD2023-C00199,`27233510028976`,"Delhivery Lite",prepaid,201301,"UTTAR PRADESH",NOIDA,D,4555,500,"16 * 12 * 10","Transfer switch","In Transit",0,64.9,64.9,0,65,"2024-09-10 10:36:47","2024-09-12 20:30:39",1
"UTTAR PRADESH",GHAZIABAD,201206,"TWINNIC INDIA PRIVATE LIMITED",TW-100003,,"2024-09-10 10:34:20",,403-8796609-0309158,`27233510028965`,"Delhivery Lite",prepaid,201301,"UTTAR PRADESH",NOIDA,A,999,500,"16 * 12 * 10","Solar Charge Controller","Pickup Scheduled",0,45.14,45.14,0,45,"2024-09-10 10:34:20","2024-09-12 20:30:48",1
MAHARASHTRA,MUMBAI,400615,"TWINNIC INDIA PRIVATE LIMITED",TW-100003,,"2024-09-10 10:29:13",,404-8008075-3486702,`27233510028954`,"Delhivery Lite",prepaid,201301,"UTTAR PRADESH",NOIDA,C,4122,500,"16 * 12 * 10","V6 Bluetooth Helmet Intercom","Pickup Scheduled",0,60.89,60.89,0,61,"2024-09-10 10:29:13","2024-09-12 20:31:10",1
"WEST BENGAL",DURGAPUR,713212,"TWINNIC INDIA PRIVATE LIMITED",TW-100003,,"2024-09-10 10:27:34",,408-2666286-3404329,`27233510028943`,"Delhivery Lite",prepaid,201301,"UTTAR PRADESH",NOIDA,D,3105,500,"16 * 12 * 10",amicismart-dual-power-automatic-control-transfer-switch-125a-changeover-switch,"In Transit",0,64.9,64.9,0,65,"2024-09-10 10:27:34","2024-09-12 20:30:39",1
TAMILNADU,CHENNAI,600053,"TWINNIC INDIA PRIVATE LIMITED",TW-100003,,"2024-09-10 10:25:50",,402-6419156-1649127,`27233510028932`,"Delhivery Lite",prepaid,201301,"UTTAR PRADESH",NOIDA,C,3863,500,"16 * 12 * 10","4 Pole Automatic Changeover Switch","In Transit",0,60.89,60.89,0,61,"2024-09-10 10:25:50","2024-09-12 20:30:39",1
"UTTAR PRADESH",LAKHIMPUR,262802,"TWINNIC INDIA PRIVATE LIMITED",TW-100003,,"2024-09-10 10:24:54",,171-3112874-0842756,`27233510028921`,"Delhivery Lite",prepaid,201301,"UTTAR PRADESH",NOIDA,B,1549,500,"16 * 12 * 10","Voltage Protection","In Transit",0,50.33,50.33,0,50,"2024-09-10 10:24:54","2024-09-12 20:30:39",1
"UTTAR PRADESH",NOIDA,201301,"TWINNIC INDIA PRIVATE LIMITED",TW-100003,,"2024-09-10 10:23:22",,7309404626-OFF,`27233510028910`,"Delhivery Lite",prepaid,201301,"UTTAR PRADESH",NOIDA,A,1529,500,"16 * 12 * 10",Earphone,"Pickup Scheduled",0,45.14,45.14,0,45,"2024-09-10 10:23:22","2024-09-12 20:30:47",1
MAHARASHTRA,PHARBHANI,431511,"TWINNIC INDIA PRIVATE LIMITED",TW-100003,,"2024-09-10 10:22:19",,WB-215602,`27233510028906`,"Delhivery Lite",prepaid,201301,"UTTAR PRADESH",NOIDA,D,3219,500,"16 * 12 * 10",amicismart-dual-power-automatic-control-transfer-switch-125a-changeover-switch,"Pickup Scheduled",0,64.9,64.9,0,65,"2024-09-10 10:22:19","2024-09-12 20:30:47",1
"UTTAR PRADESH",NOIDA,201301,"TWINNIC INDIA PRIVATE LIMITED",TW-100003,,"2024-09-09 18:38:12",,HES299,`27233510028895`,"Delhivery Lite",prepaid,362001,GUJARAT,JUNAGADH,D,5000,500,"19 * 12 * 7","Electronic Bettry","In Transit",0,64.9,64.9,0,65,"2024-09-09 18:38:12","2024-09-12 20:30:38",1
MAHARASHTRA,JALGAON,425001,"TWINNIC INDIA PRIVATE LIMITED",TW-100003,,"2024-09-09 18:04:09",,171-4632532-7857947,`27233510028884`,"Delhivery Lite",prepaid,201301,"UTTAR PRADESH",NOIDA,D,2279,500,"16 * 12 * 10","Voltage Protection","In Transit",0,64.9,64.9,0,65,"2024-09-09 18:04:09","2024-09-12 20:30:38",1
"UTTAR PRADESH",NOIDA,201301,"TWINNIC INDIA PRIVATE LIMITED",TW-100003,"2024-09-09 21:33:00","2024-09-09 17:54:03","2024-09-12 14:24:00",LAR/24-25/0217,`20690218695`,"Bluedart Air",prepaid,521201,"ANDHRA PRADESH",NUZVEEDU,D,20430,1500,"25 * 20 * 20","Used Old Phone",Delivered,0,377.6,377.6,0,378,"2024-09-09 17:54:03","2024-09-12 14:30:58",1
"UTTAR PRADESH",NOIDA,201301,"TWINNIC INDIA PRIVATE LIMITED",TW-100003,,"2024-09-09 17:34:08",,09WD2024-C00126_Air,`27233510028873`,"Delhivery Air",prepaid,785614,ASSAM,DERGOAN,D,3746,1000,"14 * 16 * 11","Universal Intelligent Solar Charge Controller for Solar Panel","In Transit",0,169.92,169.92,0,170,"2024-09-09 17:34:08","2024-09-12 20:30:38",1
"UTTAR PRADESH",GHAZIABAD,201010,"TWINNIC INDIA PRIVATE LIMITED",TW-100003,,"2024-09-09 17:03:18",,SAKSH383,`28072410004885`,"Delhivery 10KG",prepaid,673572,KERALA,THAMARASSERI,E,25000,12000,"40 * 20 * 20","Packing Sheet","In Transit",0,630.12,630.12,0,630,"2024-09-09 17:03:18","2024-09-12 20:30:38",1
"UTTAR PRADESH",NOIDA,201301,"TWINNIC INDIA PRIVATE LIMITED",TW-100003,,"2024-09-09 16:44:53","2024-09-10 18:18:42",A83,`TWI23830450140`,"SMC 5KG",prepaid,248001,UTTARAKHAND,DEHRADUN,B,8000,5000,"40 * 20 * 20","Electronic equipment",Delivered,0,224.2,224.2,0,224,"2024-09-09 16:44:53","2024-09-10 18:18:53",1
"UTTAR PRADESH",NOIDA,201301,"TWINNIC INDIA PRIVATE LIMITED",TW-100003,,"2024-09-09 16:19:10",,09WD2024-C00126,`27233510028862`,"Delhivery Lite",prepaid,785614,ASSAM,DERGOAN,D,3746,1000,"14 * 16 * 11","Universal Intelligent Solar Charge Controller for Solar Panel",Cancelled,0,129.8,129.8,0,130,"2024-09-09 16:19:10","2024-09-09 18:01:46",1
"UTTAR PRADESH",NOIDA,201301,"TWINNIC INDIA PRIVATE LIMITED",TW-100003,,"2024-09-09 16:18:35",,9WD2024-B00446,`27233510028851`,"Delhivery Lite",prepaid,560054,KARNATAKA,BANGALORE,C,6114,1000,"13 * 12 * 11","AS-55 Digital Touchscreen with Backlight Temperature Humidity Hygrometer Thermomete","In Transit",0,121.78,121.78,0,122,"2024-09-09 16:18:35","2024-09-12 20:30:16",1
"UTTAR PRADESH",NOIDA,201301,"TWINNIC INDIA PRIVATE LIMITED",TW-100003,,"2024-09-09 16:08:23","2024-09-10 14:48:53",9WD2024-B00445,`TWI23830450139`,SMC,prepaid,110044,DELHI,"NEW DELHI",A,3369,1000,"16 * 12 * 11","AC Programmable Timer Switch DIN Rail| 220V| 30A",Delivered,0,68.44,68.44,0,68,"2024-09-09 16:08:23","2024-09-10 14:55:16",1
"UTTAR PRADESH",NOIDA,201301,"TWINNIC INDIA PRIVATE LIMITED",TW-100003,,"2024-09-09 16:04:20","2024-09-11 00:00:00",9WD2024-B00444,`27233510028840`,"Delhivery 2KG",prepaid,243001,"UTTAR PRADESH",BAREILLY,B,9285,2000,"29 * 15 * 13","Universal Intelligent Solar Charge Controller for Solar Panel",Delivered,0,110.92,110.92,0,111,"2024-09-09 16:04:20","2024-09-11 11:55:39",1
"UTTAR PRADESH",NOIDA,201301,"TWINNIC INDIA PRIVATE LIMITED",TW-100003,,"2024-09-09 14:43:36",,MUSIC518,`TWI23830450138`,"SMC 2KG",prepaid,201301,"UTTAR PRADESH",NOIDA,A,6800,2500,"98 * 10 * 10","Music Instrument","Pickup Scheduled",0,127.44,127.44,0,127,"2024-09-09 14:43:36","2024-09-12 20:30:46",1
Delhi,"DELHI NCR",110077,"TWINNIC INDIA PRIVATE LIMITED",TW-100003,"2024-09-09 15:50:57","2024-09-09 12:01:24","2024-09-10 16:21:35","Faulty Return/PB/497",`TWI23830450137`,"SMC 5KG",prepaid,143001,PUNJAB,AMRITSAR,D,2500,5000,"40 * 20 * 20","ZXMWNR8120D - IDU",Delivered,0,330.4,330.4,0,330,"2024-09-09 12:01:24","2024-09-10 16:31:40",1
"UTTAR PRADESH",NOIDA,201301,"TWINNIC INDIA PRIVATE LIMITED",TW-100003,,"2024-09-09 11:44:22",,LAR/24-25/0212,`20689794941`,"Bluedart Air",prepaid,521201,"ANDHRA PRADESH",NUZVEEDU,D,34000,2000,"25 * 21 * 13","Used Old Phone",Cancelled,0,377.6,377.6,0,378,"2024-09-09 11:44:22","2024-09-09 11:44:22",1
DELHI,"NEW DELHI",110077,"TWINNIC INDIA PRIVATE LIMITED",TW-100003,,"2024-09-09 10:35:25","2024-09-10 00:00:00",9891474273-OFF,`27233510028836`,"Delhivery Lite",prepaid,201301,"UTTAR PRADESH",NOIDA,A,4199,500,"16 * 12 * 10","Helmet Intercom V6 Pro",Delivered,0,45.14,45.14,0,45,"2024-09-09 10:35:25","2024-09-10 10:55:06",1
"WEST BENGAL",TITAGARH,700119,"TWINNIC INDIA PRIVATE LIMITED",TW-100003,,"2024-09-09 10:34:05",,405-7594144-0007513,`27233510028825`,"Delhivery Lite",prepaid,201301,"UTTAR PRADESH",NOIDA,D,1499,500,"16 * 12 * 10","A4 Drawing/ Tracing Board","In Transit",0,64.9,64.9,0,65,"2024-09-09 10:34:05","2024-09-12 20:30:38",1
Kerala,PUNALUR,689696,"TWINNIC INDIA PRIVATE LIMITED",TW-100003,,"2024-09-09 10:32:31",,WB-216483,`27233510028814`,"Delhivery Lite",prepaid,201301,"UTTAR PRADESH",NOIDA,E,1549,500,"16 * 12 * 10","Voltage Protection","In Transit",0,84.96,84.96,0,85,"2024-09-09 10:32:31","2024-09-12 20:30:38",1
HARYANA,PANIPAT,132103,"TWINNIC INDIA PRIVATE LIMITED",TW-100003,,"2024-09-09 10:30:47",,408-7891322-8150701,`27233510028803`,"Delhivery Lite",prepaid,201301,"UTTAR PRADESH",NOIDA,B,1199,500,"16 * 12 * 10","AC Programmable Timer Switch","In Transit",0,50.33,50.33,0,50,"2024-09-09 10:30:47","2024-09-12 20:30:37",1
DELHI,"NEW DELHI",110018,"TWINNIC INDIA PRIVATE LIMITED",TW-100003,,"2024-09-09 10:28:26","2024-09-10 00:00:00",405-4272239-6045133,`27233510028792`,"Delhivery Lite",prepaid,201301,"UTTAR PRADESH",NOIDA,A,1599,500,"16 * 12 * 10","Digital Energy Meter",Delivered,0,45.14,45.14,0,45,"2024-09-09 10:28:26","2024-09-10 15:55:08",1
PUNJAB,FEROZPUR,142044,"TWINNIC INDIA PRIVATE LIMITED",TW-100003,,"2024-09-09 10:26:31",,408-8059284-2653111,`27233510028781`,"Delhivery Lite",prepaid,201301,"UTTAR PRADESH",NOIDA,D,1549,500,"16 * 12 * 10","Voltage Protection","Pickup Scheduled",0,64.9,64.9,0,65,"2024-09-09 10:26:31","2024-09-12 20:30:44",1
JHARKHAND,BOKARO,827013,"TWINNIC INDIA PRIVATE LIMITED",TW-100003,,"2024-09-09 10:25:29","2024-09-12 00:00:00",408-8944395-1182727,`27233510028770`,"Delhivery Lite",prepaid,201301,"UTTAR PRADESH",NOIDA,D,1549,500,"16 * 12 * 10","Voltage Protection",Delivered,0,64.9,64.9,0,65,"2024-09-09 10:25:29","2024-09-12 16:19:05",1
"UTTAR PRADESH",GHAZIPUR,233223,"TWINNIC INDIA PRIVATE LIMITED",TW-100003,,"2024-09-09 10:24:03",,OD431705647292843100,`27233510028766`,"Delhivery Lite",prepaid,201301,"UTTAR PRADESH",NOIDA,D,1299,500,"16 * 12 * 10","RCCB 63A Single Phase Circuit Breaker","In Transit",0,64.9,64.9,0,65,"2024-09-09 10:24:03","2024-09-12 20:30:37",1
"UTTAR PRADESH",NOIDA,201301,"TWINNIC INDIA PRIVATE LIMITED",TW-100003,,"2024-09-07 19:57:53","2024-09-12 17:00:01",MUSIC517,`TWI23830450136`,"SMC 2KG",prepaid,500081,TELANGANA,HYDERABAD,C,5000,2500,"98 * 10 * 10","Musical Instrument",Delivered,0,198.24,198.24,0,198,"2024-09-07 19:57:53","2024-09-12 17:18:38",1
"UTTAR PRADESH",NOIDA,201301,"TWINNIC INDIA PRIVATE LIMITED",TW-100003,,"2024-09-07 19:55:23","2024-09-12 00:00:00",MUSIC516,`27233510028755`,"Delhivery 2KG",prepaid,145001,PUNJAB,PATHANKOT,D,5000,2500,"98 * 10 * 10","Musical Instrument",Delivered,0,254.88,254.88,0,255,"2024-09-07 19:55:23","2024-09-12 15:54:36",1
"UTTAR PRADESH",NOIDA,201301,"TWINNIC INDIA PRIVATE LIMITED",TW-100003,,"2024-09-07 19:52:04",,MUSIC515,`27233510028744`,"Delhivery 2KG",prepaid,313001,RAJASTHAN,UDAIPUR,D,5000,2500,"98 * 10 * 10","Musical Instrument","In Transit",0,254.88,254.88,0,255,"2024-09-07 19:52:04","2024-09-12 20:30:37",1
"UTTAR PRADESH",NOIDA,201301,"TWINNIC INDIA PRIVATE LIMITED",TW-100003,,"2024-09-07 19:49:24",,MUSIC514,`27233510028733`,"Delhivery 2KG",prepaid,175001,"HIMACHAL PRADESH",MANDI,D,5000,2500,"98 * 10 * 10","Musical Instrument","In Transit",0,254.88,254.88,0,255,"2024-09-07 19:49:24","2024-09-12 20:30:37",1
"UTTAR PRADESH",NOIDA,201301,"TWINNIC INDIA PRIVATE LIMITED",TW-100003,,"2024-09-07 19:46:53","2024-09-12 00:00:00",MUSIC496,`27233510028722`,"Delhivery 2KG",prepaid,110015,DELHI,"NEW DELHI",A,5000,2500,"98 * 10 * 10","Musical Instrument",Delivered,0,106.5,106.5,0,106,"2024-09-07 19:46:53","2024-09-12 11:54:43",1
"UTTAR PRADESH",NOIDA,201301,"TWINNIC INDIA PRIVATE LIMITED",TW-100003,,"2024-09-07 19:41:09",,MUSIC496,`27233510028711`,"Delhivery 2KG",prepaid,713301,"WEST BENGAL",ASANSOL,D,5000,2500,"98 * 10 * 10","Musical Instrument",Cancelled,0,254.88,254.88,0,255,"2024-09-07 19:41:09","2024-09-07 19:43:36",1
"UTTAR PRADESH",NOIDA,201301,"TWINNIC INDIA PRIVATE LIMITED",TW-100003,,"2024-09-07 19:26:51",,MUSIC513,`TWI23830450135`,"SMC 2KG",prepaid,500003,TELANGANA,HYDERABAD,C,9000,2500,"98 * 10 * 10","Music Instrument",Damaged,0,198.24,198.24,0,198,"2024-09-07 19:26:51","2024-09-12 11:54:43",1
"UTTAR PRADESH",NOIDA,201301,"TWINNIC INDIA PRIVATE LIMITED",TW-100003,,"2024-09-07 19:26:20","2024-09-10 13:42:19",MUSIC512,`TWI23830450134`,"SMC 2KG",prepaid,110018,DELHI,"NEW DELHI",A,8500,2500,"98 * 10 * 10","Music Instrument",Delivered,0,127.44,127.44,0,127,"2024-09-07 19:26:20","2024-09-10 13:55:00",1
"UTTAR PRADESH",NOIDA,201301,"TWINNIC INDIA PRIVATE LIMITED",TW-100003,,"2024-09-07 19:25:59","2024-09-11 14:49:11",MUSIC511,`TWI23830450133`,"SMC 2KG",prepaid,342001,RAJASTHAN,JODHPUR,D,7000,2500,"98 * 10 * 10","Music Instrument",Delivered,0,238.95,238.95,0,239,"2024-09-07 19:25:59","2024-09-11 14:54:44",1
"UTTAR PRADESH",NOIDA,201301,"TWINNIC INDIA PRIVATE LIMITED",TW-100003,,"2024-09-07 19:18:48","2024-09-10 18:18:25",MUSIC510,`TWI23830450132`,"SMC 2KG",prepaid,248001,UTTARAKHAND,DEHRADUN,B,6000,2500,"98 * 10 * 10","Music Instrument",Delivered,0,155.76,155.76,0,156,"2024-09-07 19:18:48","2024-09-10 18:19:11",1
"UTTAR PRADESH",NOIDA,201301,"TWINNIC INDIA PRIVATE LIMITED",TW-100003,"2024-09-11 15:18:05","2024-09-07 19:18:12",,MUSIC509,`27233510028700`,"Delhivery 2KG",prepaid,802301,BIHAR,BHOJPUR,D,23000,2500,"98 * 10 * 10","Music Instrument","In Transit",0,254.88,254.88,0,255,"2024-09-07 19:18:12","2024-09-12 20:30:07",1
"UTTAR PRADESH",NOIDA,201301,"TWINNIC INDIA PRIVATE LIMITED",TW-100003,,"2024-09-07 19:17:55","2024-09-12 00:00:00",MUSIC508,`27233510028696`,"Delhivery 2KG",prepaid,305001,RAJASTHAN,AJMER,D,22000,2500,"98 * 10 * 10","Music Instrument",Delivered,0,254.88,254.88,0,255,"2024-09-07 19:17:55","2024-09-12 14:18:06",1
"UTTAR PRADESH",NOIDA,201301,"TWINNIC INDIA PRIVATE LIMITED",TW-100003,,"2024-09-07 19:17:31",,MUSIC507,`27233510028685`,"Delhivery 2KG",prepaid,741101,"WEST BENGAL",KRISHNANAGAR,D,20000,2500,"98 * 10 * 10","Music Instrument","In Transit",0,254.88,254.88,0,255,"2024-09-07 19:17:31","2024-09-12 20:30:07",1
"UTTAR PRADESH",NOIDA,201301,"TWINNIC INDIA PRIVATE LIMITED",TW-100003,,"2024-09-07 19:12:48",,MUSIC514,`TWI23830450131`,"SMC 2KG",prepaid,110015,DELHI,"NEW DELHI",A,5000,2500,"98 * 10 * 10","Music Instrument","Pickup Scheduled",0,127.44,127.44,0,127,"2024-09-07 19:12:48","2024-09-12 20:30:44",1
"UTTAR PRADESH",NOIDA,201301,"TWINNIC INDIA PRIVATE LIMITED",TW-100003,,"2024-09-07 19:12:17",,MUSIC506,`TWI23830450130`,"SMC 2KG",prepaid,411017,MAHARASHTRA,PUNE,C,17000,2500,"98 * 10 * 10","Music Instrument",Damaged,0,198.24,198.24,0,198,"2024-09-07 19:12:17","2024-09-12 14:18:51",1
"UTTAR PRADESH",NOIDA,201301,"TWINNIC INDIA PRIVATE LIMITED",TW-100003,,"2024-09-07 19:11:54","2024-09-12 00:00:00",MUSIC505,`27233510028674`,"Delhivery 2KG",prepaid,452008,"MADHYA PRADESH",INDORE,D,19000,2500,"98 * 10 * 10","Music Instrument",Delivered,0,254.88,254.88,0,255,"2024-09-07 19:11:54","2024-09-12 15:18:36",1
"UTTAR PRADESH",NOIDA,201301,"TWINNIC INDIA PRIVATE LIMITED",TW-100003,,"2024-09-07 19:11:31","2024-09-12 00:00:00",MUSIC504,`27233510028663`,"Delhivery 2KG",prepaid,121006,HARYANA,FARIDABAD,A,18000,2500,"98 * 10 * 10","Music Instrument",Delivered,0,106.5,106.5,0,106,"2024-09-07 19:11:31","2024-09-12 12:54:52",1
"UTTAR PRADESH",NOIDA,201301,"TWINNIC INDIA PRIVATE LIMITED",TW-100003,,"2024-09-07 19:11:17",,MUSIC503,`TWI23830450129`,"SMC 2KG",prepaid,520003,TELANGANA,VIJAYAWADA,D,16000,2500,"98 * 10 * 10","Music Instrument","In Transit",0,238.95,238.95,0,239,"2024-09-07 19:11:17","2024-09-12 20:30:37",1
"UTTAR PRADESH",NOIDA,201301,"TWINNIC INDIA PRIVATE LIMITED",TW-100003,,"2024-09-07 19:08:56",,MUSIC515,`27233510028652`,"Delhivery 2KG",prepaid,175001,"HIMACHAL PRADESH",MANDI,D,5500,2500,"98 * 10 * 10","Music Instrument","Pickup Scheduled",0,254.88,254.88,0,255,"2024-09-07 19:08:56","2024-09-12 20:30:28",1
"UTTAR PRADESH",NOIDA,201301,"TWINNIC INDIA PRIVATE LIMITED",TW-100003,,"2024-09-07 19:08:43",,MUSIC516,`27233510028641`,"Delhivery 2KG",prepaid,313001,RAJASTHAN,UDAIPUR,D,6000,2500,"98 * 10 * 10","Music Instrument","Pickup Scheduled",0,254.88,254.88,0,255,"2024-09-07 19:08:43","2024-09-12 20:30:28",1
"UTTAR PRADESH",NOIDA,201301,"TWINNIC INDIA PRIVATE LIMITED",TW-100003,,"2024-09-07 19:08:27",,MUSIC517,`27233510028630`,"Delhivery 2KG",prepaid,145001,PUNJAB,PATHANKOT,D,6200,2500,"98 * 10 * 10","Music Instrument","Pickup Scheduled",0,254.88,254.88,0,255,"2024-09-07 19:08:27","2024-09-12 20:30:28",1
"UTTAR PRADESH",NOIDA,201301,"TWINNIC INDIA PRIVATE LIMITED",TW-100003,,"2024-09-07 19:08:15",,MUSIC518,`TWI23830450128`,"SMC 2KG",prepaid,500081,TELANGANA,HYDERABAD,C,7000,2500,"98 * 10 * 10","Music Instrument","Pickup Scheduled",0,198.24,198.24,0,198,"2024-09-07 19:08:15","2024-09-12 20:30:36",1
"UTTAR PRADESH",NOIDA,201301,"TWINNIC INDIA PRIVATE LIMITED",TW-100003,,"2024-09-07 19:06:02",,MUSIC502,`27233510028626`,"Delhivery 2KG",prepaid,713301,"WEST BENGAL",ASANSOL,D,13000,2500,"98 * 10 * 10","Music Instrument","In Transit",0,254.88,254.88,0,255,"2024-09-07 19:06:02","2024-09-12 20:30:20",1
"UTTAR PRADESH",NOIDA,201301,"TWINNIC INDIA PRIVATE LIMITED",TW-100003,,"2024-09-07 19:05:20","2024-09-11 00:00:00",MUSIC501,`27233510028615`,"Delhivery 2KG",prepaid,147001,PUNJAB,PATIALA,B,15200,2500,"98 * 10 * 10","Music Instrument",Delivered,0,151.28,151.28,0,151,"2024-09-07 19:05:20","2024-09-11 11:54:45",1
"UTTAR PRADESH",NOIDA,201301,"TWINNIC INDIA PRIVATE LIMITED",TW-100003,,"2024-09-07 19:04:54",,MUSIC500,`TWI23830450127`,"SMC 2KG",prepaid,396191,GUJARAT,VAPI,D,12000,2500,"98 * 10 * 10","Music Instrument",Damaged,0,238.95,238.95,0,239,"2024-09-07 19:04:54","2024-09-11 21:18:33",1
"UTTAR PRADESH",NOIDA,201301,"TWINNIC INDIA PRIVATE LIMITED",TW-100003,,"2024-09-07 18:58:40","2024-09-10 20:29:52",MUSIC497,`TWI23830450126`,"SMC 2KG",prepaid,160015,PUNJAB,CHANDIGARH,B,4500,2500,"98 * 10 * 10","Music Instrument",Delivered,0,155.76,155.76,0,156,"2024-09-07 18:58:40","2024-09-10 20:31:15",1
"UTTAR PRADESH",NOIDA,201301,"TWINNIC INDIA PRIVATE LIMITED",TW-100003,,"2024-09-07 18:57:42",,Test_clone,`20689564405`,"Bluedart Air",prepaid,110005,DELHI,"NEW DELHI",A,9000,400,"10 * 10 * 10","Music Instrument",Manifested,0,59,59,0,59,"2024-09-07 18:57:42","2024-09-12 20:30:08",1
"UTTAR PRADESH",NOIDA,201301,"TWINNIC INDIA PRIVATE LIMITED",TW-100003,,"2024-09-07 18:56:20",,Test,`58142567475`,"Bluedart Air 10kg",prepaid,110005,DELHI,"NEW DELHI",A,9000,2500,"98 * 10 * 10","Music Instrument",Manifested,0,885,885,0,885,"2024-09-07 18:56:20","2024-09-12 20:30:07",1
"UTTAR PRADESH",NOIDA,201301,"TWINNIC INDIA PRIVATE LIMITED",TW-100003,,"2024-09-07 18:55:03",,MUSIC495,`TWI23830450125`,"SMC 2KG",prepaid,422001,MAHARASHTRA,NASHIK,D,5000,2500,"98 * 10 * 10","Music Instrument","In Transit",0,238.95,238.95,0,239,"2024-09-07 18:55:03","2024-09-12 20:31:32",1
"UTTAR PRADESH",NOIDA,201301,"TWINNIC INDIA PRIVATE LIMITED",TW-100003,,"2024-09-07 18:51:39",,MUSIC494,`TWI23830450124`,"SMC 2KG",prepaid,560043,KARNATAKA,BANGALORE,C,4500,2500,"98 * 10 * 10","Music Instrument","In Transit",0,198.24,198.24,0,198,"2024-09-07 18:51:39","2024-09-12 20:31:31",1
UTTARAKHAND,DEHRADUN,248009,"TWINNIC INDIA PRIVATE LIMITED",TW-100003,,"2024-09-07 18:31:23","2024-09-12 00:00:00",404-9934802-6941119,`27233510028604`,"Delhivery Lite",prepaid,201301,"UTTAR PRADESH",NOIDA,B,1199,500,"16 * 12 * 10","amiciSense 3 in 1 AC Voltage| Current| and Frequency Meter",Delivered,0,50.33,50.33,0,50,"2024-09-07 18:31:23","2024-09-12 12:54:30",1
"UTTAR PRADESH",NOIDA,201301,"TWINNIC INDIA PRIVATE LIMITED",TW-100003,,"2024-09-07 18:04:42","2024-09-09 00:00:00",KRE032,`27233510028593`,"Delhivery Lite",prepaid,244303,"UTTAR PRADESH",MORADABAD,B,2000,300,"19 * 10 * 5","jewellery Article",Delivered,0,50.33,50.33,0,50,"2024-09-07 18:04:42","2024-09-09 13:31:14",1
"UTTAR PRADESH",NOIDA,201301,"TWINNIC INDIA PRIVATE LIMITED",TW-100003,,"2024-09-07 18:00:28","2024-09-10 18:52:39",HES298,`TWI23830450123`,SMC,prepaid,110074,DELHI,"NEW DELHI",A,1357,500,"21 * 10 * 6","Electronic Bettry",Delivered,0,38.94,38.94,0,39,"2024-09-07 18:00:28","2024-09-10 18:55:09",1
"UTTAR PRADESH",NOIDA,201301,"TWINNIC INDIA PRIVATE LIMITED",TW-100003,,"2024-09-07 16:41:59","2024-09-11 00:00:00",MUSIC499,`28072410004874`,"Delhivery 10KG",prepaid,700065,"WEST BENGAL",KOLKATA,C,20000,10000,"80 * 38 * 16","Music Instrument",Delivered,0,413,413,0,413,"2024-09-07 16:41:59","2024-09-11 17:30:39",1
"UTTAR PRADESH",NOIDA,201301,"TWINNIC INDIA PRIVATE LIMITED",TW-100003,,"2024-09-07 16:41:40","2024-09-12 00:00:00",MUSIC498,`28072410004863`,"Delhivery 10KG",prepaid,711301,"WEST BENGAL",HOWRAH,D,20000,10000,"80 * 38 * 16","Music Instrument",Delivered,0,456.66,456.66,0,457,"2024-09-07 16:41:40","2024-09-12 17:55:23",1
"UTTAR PRADESH",NOIDA,201301,"TWINNIC INDIA PRIVATE LIMITED",TW-100003,,"2024-09-07 16:32:12",,VTRO141,`TWI23830450122`,SMC,prepaid,600096,TAMILNADU,CHENNAI,C,1500,100,"16 * 12 * 10",Document,"In Transit",0,59,59,0,59,"2024-09-07 16:32:12","2024-09-12 20:31:25",1
"UTTAR PRADESH",NOIDA,201301,"TWINNIC INDIA PRIVATE LIMITED",TW-100003,,"2024-09-07 16:21:57","2024-09-12 00:00:00",09WD2024-C00122,`27233510028582`,"Delhivery 2KG",prepaid,743423,"WEST BENGAL",BARASAT,D,6900,2000,"25 * 22 * 12","MPPT Solar Charge Controller 40A (YLW)",Delivered,0,182.9,182.9,0,183,"2024-09-07 16:21:57","2024-09-12 14:55:30",1
"UTTAR PRADESH",NOIDA,201301,"TWINNIC INDIA PRIVATE LIMITED",TW-100003,,"2024-09-07 16:21:42",,9WD2024-B00442,`27233510028571`,"Delhivery Lite",prepaid,670511,KERALA,CANNANORE,E,1051,500,"21 * 10 * 5","Non-Contact Voltage Tester AC 12V-1000V Live /Null Wire Teste","In Transit",0,84.96,84.96,0,85,"2024-09-07 16:21:42","2024-09-12 20:30:20",1
"UTTAR PRADESH",NOIDA,201301,"TWINNIC INDIA PRIVATE LIMITED",TW-100003,,"2024-09-07 16:13:31",,09WD2024-C00122,`27233510028560`,"Delhivery Lite",prepaid,743423,"WEST BENGAL",BARASAT,D,6900,500,"21 * 10 * 5","MPPT Solar Charge Controller 40A (YLW)",Cancelled,0,64.9,64.9,0,65,"2024-09-07 16:13:31","2024-09-07 16:19:16",1
"UTTAR PRADESH",NOIDA,201301,"TWINNIC INDIA PRIVATE LIMITED",TW-100003,2024-09-07T09:50:22Z,"2024-09-06 20:26:15","2024-09-11 06:08:35",MUSIC484,`SF1380680077TWN`,SHADOWFAX,prepaid,422001,MAHARASHTRA,NASHIK,D,2500,300,"10 * 10 * 10","Electronic Card",Delivered,0,60.18,60.18,0,60,"2024-09-06 20:26:15","2024-09-11 11:55:29",1
"UTTAR PRADESH",NOIDA,201301,"TWINNIC INDIA PRIVATE LIMITED",TW-100003,2024-09-07T09:50:22Z,"2024-09-06 19:32:29","2024-09-11 11:41:05",MUSIC493,`SF1380679806TWN`,SHADOWFAX,prepaid,444604,MAHARASHTRA,AMARAVATI,D,5000,300,"8 * 5 * 3","Electronic Card",Delivered,0,60.18,60.18,0,60,"2024-09-06 19:32:29","2024-09-11 17:19:21",1
"UTTAR PRADESH",NOIDA,201301,"TWINNIC INDIA PRIVATE LIMITED",TW-100003,2024-09-07T09:50:22Z,"2024-09-06 19:25:35",,MUSIC492,`SF1380679685TWN`,SHADOWFAX,prepaid,311001,RAJASTHAN,BHILWARA,D,3000,100,"20 * 5 * 3","Electronic Card","Picked Up",0,60.18,60.18,0,60,"2024-09-06 19:25:35","2024-09-12 20:30:54",1
"UTTAR PRADESH",NOIDA,201301,"TWINNIC INDIA PRIVATE LIMITED",TW-100003,,"2024-09-06 19:23:47","2024-09-10 13:30:17",MUSIC491,`TWI23830450121`,SMC,prepaid,396191,GUJARAT,VAPI,D,7000,400,"10 * 10 * 10","Electronic Card",Delivered,0,66.08,66.08,0,66,"2024-09-06 19:23:47","2024-09-10 13:31:52",1
"UTTAR PRADESH",NOIDA,201301,"TWINNIC INDIA PRIVATE LIMITED",TW-100003,2024-09-07T09:50:22Z,"2024-09-06 19:21:55",,MUSIC490,`SF1380679629TWN`,SHADOWFAX,prepaid,440023,MAHARASHTRA,NAGPUR,D,9800,300,"9 * 7 * 4","Electronic Card",NDR,0,60.18,60.18,0,60,"2024-09-06 19:21:55","2024-09-12 20:31:10",1
"UTTAR PRADESH",NOIDA,201301,"TWINNIC INDIA PRIVATE LIMITED",TW-100003,2024-09-07T09:50:22Z,"2024-09-06 19:20:18","2024-09-11 06:23:12",MUSIC489,`SF1380679506TWN`,SHADOWFAX,prepaid,415124,MAHARASHTRA,KARAD,D,8000,200,"7 * 7 * 5","Electronic Card",Delivered,0,60.18,60.18,0,60,"2024-09-06 19:20:18","2024-09-11 11:55:37",1
"UTTAR PRADESH",NOIDA,201301,"TWINNIC INDIA PRIVATE LIMITED",TW-100003,2024-09-07T09:50:22Z,"2024-09-06 19:17:36","2024-09-12 05:25:26",MUSIC488,`SF1380679476TWN`,SHADOWFAX,prepaid,425001,MAHARASHTRA,JALGAON,D,7800,300,"10 * 10 * 4","Electronic Card",Delivered,0,60.18,60.18,0,60,"2024-09-06 19:17:36","2024-09-12 11:19:04",1
"UTTAR PRADESH",NOIDA,201301,"TWINNIC INDIA PRIVATE LIMITED",TW-100003,2024-09-07T09:50:22Z,"2024-09-06 19:16:10","2024-09-12 08:10:13",MUSIC487,`SF1380679386TWN`,SHADOWFAX,prepaid,403001,GOA,PANJIM,D,10200,500,"18 * 8 * 4","Electronic Card",Delivered,0,60.18,60.18,0,60,"2024-09-06 19:16:10","2024-09-12 13:55:28",1
"UTTAR PRADESH",NOIDA,201301,"TWINNIC INDIA PRIVATE LIMITED",TW-100003,2024-09-07T09:50:22Z,"2024-09-06 19:14:00","2024-09-10 06:59:48",MUSIC486,`SF1380679287TWN`,SHADOWFAX,prepaid,363002,GUJARAT,SURENDRANAGAR,D,8000,300,"10 * 7 * 4","Electronic Card",Delivered,0,60.18,60.18,0,60,"2024-09-06 19:14:00","2024-09-10 12:30:50",1
"UTTAR PRADESH",NOIDA,201301,"TWINNIC INDIA PRIVATE LIMITED",TW-100003,2024-09-07T09:50:37Z,"2024-09-06 19:11:01",,MUSIC485,`SF1380678397TWN`,SHADOWFAX,prepaid,422112,MAHARASHTRA,NASHIK,D,16000,500,"19 * 8 * 4","Electronic Card","In Transit",0,60.18,60.18,0,60,"2024-09-06 19:11:01","2024-09-12 20:31:30",1
"UTTAR PRADESH",NOIDA,201301,"TWINNIC INDIA PRIVATE LIMITED",TW-100003,,"2024-09-06 18:53:56","2024-09-10 15:31:55",MUSIC483,`TWI23830450120`,SMC,prepaid,395003,GUJARAT,SURAT,D,10000,1000,"10 * 10 * 10","Electronic Card",Delivered,0,113.28,113.28,0,113,"2024-09-06 18:53:56","2024-09-10 15:55:11",1
"UTTAR PRADESH",NOIDA,201301,"TWINNIC INDIA PRIVATE LIMITED",TW-100003,2024-09-07T09:50:22Z,"2024-09-06 18:52:13",,MUSIC482,`SF1380677833TWN`,SHADOWFAX,prepaid,411017,MAHARASHTRA,PUNE,C,12400,1000,"10 * 10 * 10","Electronic Card","In Transit",0,96.17,96.17,0,96,"2024-09-06 18:52:13","2024-09-12 20:31:29",1
"UTTAR PRADESH",NOIDA,201301,"TWINNIC INDIA PRIVATE LIMITED",TW-100003,,"2024-09-06 18:50:35",,MUSIC481,`TWI23830450119`,"SMC 2KG",prepaid,403507,GOA,MAPUSA,D,11000,2000,"25 * 19 * 8","Electronic Card",NDR,0,180.54,180.54,0,181,"2024-09-06 18:50:35","2024-09-12 20:31:28",1
"UTTAR PRADESH",NOIDA,201301,"TWINNIC INDIA PRIVATE LIMITED",TW-100003,2024-09-07T09:50:22Z,"2024-09-06 18:47:44","2024-09-11 09:00:07",MUSIC480,`SF1373656853TWN`,SHADOWFAX,prepaid,425001,MAHARASHTRA,JALGAON,D,10000,1000,"18 * 16 * 12","Electronic Card",Delivered,0,113.28,113.28,0,113,"2024-09-06 18:47:44","2024-09-11 14:30:59",1
"UTTAR PRADESH",NOIDA,201301,"TWINNIC INDIA PRIVATE LIMITED",TW-100003,,"2024-09-06 18:28:59",,9WD2024-B00428,`28072410004852`,"Delhivery 10KG",prepaid,416115,MAHARASHTRA,KOLHAPUR,D,45000,20000,"40 * 35 * 22","Automatic Over/Under Voltage","In Transit",0,857.86,857.86,0,858,"2024-09-06 18:28:59","2024-09-12 20:31:05",1
"UTTAR PRADESH",NOIDA,201301,"TWINNIC INDIA PRIVATE LIMITED",TW-100003,,"2024-09-06 18:27:54","2024-09-09 00:00:00",9WD2024-B00420,`27233510028556`,"Delhivery 2KG",prepaid,133103,HARYANA,SAHA,B,5605,1500,"25 * 15 * 6","Automatic Over/Under Voltage (Adjustable Setting) Protection",Delivered,0,110.92,110.92,0,111,"2024-09-06 18:27:54","2024-09-09 10:54:36",1
"UTTAR PRADESH",NOIDA,201301,"TWINNIC INDIA PRIVATE LIMITED",TW-100003,,"2024-09-06 18:21:10","2024-09-11 00:00:00",MUSIC479,`28072410004841`,"Delhivery 10KG",prepaid,403001,GOA,PANJIM,D,25000,13000,"41 * 47 * 33","Electronic Card",Delivered,0,577.02,577.02,0,577,"2024-09-06 18:21:10","2024-09-11 17:18:20",1
"UTTAR PRADESH",NOIDA,201301,"TWINNIC INDIA PRIVATE LIMITED",TW-100003,,"2024-09-06 18:16:38","2024-09-09 00:00:00",HES297,`28072410004830`,"Delhivery 10KG",prepaid,222202,"UTTAR PRADESH",JAUNPUR,D,20000,14000,"40 * 20 * 20","Electronic Bettry",Delivered,0,617.14,617.14,0,617,"2024-09-06 18:16:38","2024-09-09 12:18:33",1
MAHARASHTRA,MUMBAI,400099,"TWINNIC INDIA PRIVATE LIMITED",TW-100003,,"2024-09-06 17:41:44",,407-7597248-1836366,`TWI23830450118`,SMC,prepaid,201301,"UTTAR PRADESH",NOIDA,C,1649,500,"16 * 12 * 10","Digital Energy Meter","Pickup Scheduled",0,59,59,0,59,"2024-09-06 17:41:44","2024-09-12 20:30:50",1
GUJARAT,AMRELI,365541,"TWINNIC INDIA PRIVATE LIMITED",TW-100003,,"2024-09-06 17:33:07",,408-8454110-0133929,`27233510028545`,"Delhivery Lite",prepaid,201301,"UTTAR PRADESH",NOIDA,D,1299,500,"16 * 12 * 10","Submersible Pump","In Transit",0,64.9,64.9,0,65,"2024-09-06 17:33:07","2024-09-12 20:30:06",1
"JAMMU & KASHMIR",JAMMU,180006,"TWINNIC INDIA PRIVATE LIMITED",TW-100003,,"2024-09-06 17:32:56","2024-09-10 00:00:00",402-7804514-3313147,`27233510028534`,"Delhivery Lite",prepaid,201301,"UTTAR PRADESH",NOIDA,D,1799,500,"16 * 12 * 10","Digital Energy Meter",Delivered,0,64.9,64.9,0,65,"2024-09-06 17:32:56","2024-09-10 10:54:51",1
KARNATAKA,DHARWAD,580007,"TWINNIC INDIA PRIVATE LIMITED",TW-100003,,"2024-09-06 17:32:48",,8050211230-OFF,`27233510028523`,"Delhivery Lite",prepaid,201301,"UTTAR PRADESH",NOIDA,D,4199,500,"16 * 12 * 10","Helmet Intercom V6 Pro","In Transit",0,64.9,64.9,0,65,"2024-09-06 17:32:48","2024-09-12 20:30:05",1
PUNJAB,ROPAR,140001,"TWINNIC INDIA PRIVATE LIMITED",TW-100003,,"2024-09-06 17:32:38",,171-5680643-6346708,`27233510028512`,"Delhivery Lite",prepaid,201301,"UTTAR PRADESH",NOIDA,B,1098,500,"16 * 12 * 10",1xTP8A16,"In Transit",0,50.33,50.33,0,50,"2024-09-06 17:32:38","2024-09-12 20:30:05",1
"UTTAR PRADESH","KANPUR MOFFUSIL",209115,"TWINNIC INDIA PRIVATE LIMITED",TW-100003,,"2024-09-06 17:32:29",,OD332213223961228100,`27233510028501`,"Delhivery Lite",prepaid,201301,"UTTAR PRADESH",NOIDA,B,922,500,"16 * 12 * 10","Solar Charge Controller","Pickup Scheduled",0,50.33,50.33,0,50,"2024-09-06 17:32:29","2024-09-12 20:30:28",1
HARYANA,PATAUDI,122506,"TWINNIC INDIA PRIVATE LIMITED",TW-100003,,"2024-09-06 17:32:21",,408-8546235-6358744,`27233510028490`,"Delhivery Lite",prepaid,201301,"UTTAR PRADESH",NOIDA,A,1549,500,"16 * 12 * 10","Voltage Protection","Pickup Scheduled",0,45.14,45.14,0,45,"2024-09-06 17:32:21","2024-09-12 20:30:28",1
Kerala,Thrissur,680684,"TWINNIC INDIA PRIVATE LIMITED",TW-100003,,"2024-09-06 17:32:02",,407-5171392-8205115,`27233510028486`,"Delhivery Lite",prepaid,201301,"UTTAR PRADESH",NOIDA,E,1549,500,"16 * 12 * 10","Voltage Protection","In Transit",0,84.96,84.96,0,85,"2024-09-06 17:32:02","2024-09-12 20:30:05",1
"UTTAR PRADESH",BHADOHI,221401,"TWINNIC INDIA PRIVATE LIMITED",TW-100003,,"2024-09-06 17:31:55","2024-09-12 00:00:00",406-2409384-9973100,`27233510028475`,"Delhivery Lite",prepaid,201301,"UTTAR PRADESH",NOIDA,D,2898,500,"16 * 12 * 10","High Precision LCD Digital Scale 50 g/0.006 g",Delivered,0,64.9,64.9,0,65,"2024-09-06 17:31:55","2024-09-12 12:54:06",1
"UTTAR PRADESH",NOIDA,201301,"TWINNIC INDIA PRIVATE LIMITED",TW-100003,,"2024-09-06 16:55:23",,VTRO140,`TWI23830450117`,SMC,prepaid,110029,DELHI,"NEW DELHI",A,1500,500,"22 * 18 * 6","Avecon Malaria PF/PV","Pickup Scheduled",0,38.94,38.94,0,39,"2024-09-06 16:55:23","2024-09-12 20:30:53",1
"UTTAR PRADESH",NOIDA,201301,"TWINNIC INDIA PRIVATE LIMITED",TW-100003,,"2024-09-06 16:45:46","2024-09-10 00:00:00",OPC0601,`27233510028464`,"Delhivery Lite",prepaid,492013,CHHATTISGARH,RAIPUR,D,4500,500,"22 * 18 * 6","Landline Phone",Delivered,0,64.9,64.9,0,65,"2024-09-06 16:45:46","2024-09-10 16:55:09",1
"UTTAR PRADESH",NOIDA,201301,"TWINNIC INDIA PRIVATE LIMITED",TW-100003,,"2024-09-06 16:41:04","2024-09-10 00:00:00",OPC0600,`27233510028453`,"Delhivery Lite",prepaid,700061,"WEST BENGAL",KOLKATA,C,3800,500,"22 * 18 * 6","Landline Phone",Delivered,0,60.89,60.89,0,61,"2024-09-06 16:41:04","2024-09-10 12:18:08",1
"UTTAR PRADESH",BALLIA,221711,"TWINNIC INDIA PRIVATE LIMITED",TW-100003,,"2024-09-06 14:11:29",,405-9579029-8152347.,`27233510028442`,"Delhivery Lite",prepaid,201301,"UTTAR PRADESH",NOIDA,D,2149,500,"16 * 12 * 10","Solar Charge Controller","Pickup Scheduled",0,64.9,64.9,0,65,"2024-09-06 14:11:29","2024-09-12 20:30:28",1
MAHARASHTRA,PUNE,412105,"TWINNIC INDIA PRIVATE LIMITED",TW-100003,,"2024-09-06 12:46:08",,171-2092544-1841125.,`27233510028431`,"Delhivery Lite",prepaid,201301,"UTTAR PRADESH",NOIDA,C,1559,500,"16 * 12 * 10","Digital Energy Meter","Pickup Scheduled",0,60.89,60.89,0,61,"2024-09-06 12:46:08","2024-09-12 20:30:27",1
"WEST BENGAL",CONTAI,721437,"TWINNIC INDIA PRIVATE LIMITED",TW-100003,,"2024-09-06 11:23:51",,404-5722866-8145162,`27233510028420`,"Delhivery Lite",prepaid,201301,"UTTAR PRADESH",NOIDA,D,1309,500,"16 * 12 * 10","RCCB 63A Single Phase Circuit Breaker","In Transit",0,64.9,64.9,0,65,"2024-09-06 11:23:51","2024-09-12 20:30:04",1
TELANGANA,HYDERABAD,500042,"TWINNIC INDIA PRIVATE LIMITED",TW-100003,,"2024-09-06 11:23:41","2024-09-09 00:00:00",OD329862158963982100,`27233510028416`,"Delhivery Lite",prepaid,201301,"UTTAR PRADESH",NOIDA,C,1549,500,"16 * 12 * 10","Voltage Protection",Delivered,0,60.89,60.89,0,61,"2024-09-06 11:23:41","2024-09-09 15:30:36",1
"UTTAR PRADESH",NOIDA,201309,"TWINNIC INDIA PRIVATE LIMITED",TW-100003,,"2024-09-06 11:23:21",,171-8822906-7576323,`TWI23830450116`,SMC,prepaid,201301,"UTTAR PRADESH",NOIDA,A,988,500,"16 * 12 * 10","Solar Charge Controller","Pickup Scheduled",0,38.94,38.94,0,39,"2024-09-06 11:23:21","2024-09-12 20:30:49",1
"MADHYA PRADESH",CHHATARPUR,471111,"TWINNIC INDIA PRIVATE LIMITED",TW-100003,,"2024-09-06 11:14:43","2024-09-12 00:00:00",OD331082647824869100,`27233510028405`,"Delhivery Lite",prepaid,201301,"UTTAR PRADESH",NOIDA,D,1549,500,"16 * 12 * 10","Voltage Protection",Delivered,0,64.9,64.9,0,65,"2024-09-06 11:14:43","2024-09-12 12:54:23",1
MAHARASHTRA,PUNE,411057,"TWINNIC INDIA PRIVATE LIMITED",TW-100003,,"2024-09-06 11:13:00",,402-9083412-5118743,`27233510028394`,"Delhivery Lite",prepaid,201301,"UTTAR PRADESH",NOIDA,C,4295,500,"16 * 12 * 10","Earphone and Mount for V6","Pickup Scheduled",0,60.89,60.89,0,61,"2024-09-06 11:13:00","2024-09-12 20:30:25",1
DELHI,"NEW DELHI",110085,"TWINNIC INDIA PRIVATE LIMITED",TW-100003,,"2024-09-06 11:11:58","2024-09-07 00:00:00",9WD2024-B00351,`27233510028383`,"Delhivery Lite",prepaid,201301,"UTTAR PRADESH",NOIDA,A,550,500,"16 * 12 * 10",Multimeter,Delivered,0,45.14,45.14,0,45,"2024-09-06 11:11:58","2024-09-07 12:31:33",1
"UTTAR PRADESH",ETAH,205001,"TWINNIC INDIA PRIVATE LIMITED",TW-100003,,"2024-09-06 11:08:50","2024-09-12 00:00:00",403-1816917-6495521,`27233510028372`,"Delhivery Lite",prepaid,201301,"UTTAR PRADESH",NOIDA,B,2899,500,"16 * 12 * 10","AC/DC Digital Multimeter",Delivered,0,50.33,50.33,0,50,"2024-09-06 11:08:50","2024-09-12 12:54:05",1
"UTTAR PRADESH",BANDA,210201,"TWINNIC INDIA PRIVATE LIMITED",TW-100003,,"2024-09-06 11:06:25","2024-09-09 00:00:00",405-9315404-8592308,`27233510028361`,"Delhivery Lite",prepaid,201301,"UTTAR PRADESH",NOIDA,D,999,500,"16 * 12 * 10","Solar Charge Controller",Delivered,0,64.9,64.9,0,65,"2024-09-06 11:06:25","2024-09-09 10:18:36",1
TAMILNADU,ERODE,638002,"TWINNIC INDIA PRIVATE LIMITED",TW-100003,,"2024-09-06 11:05:02",,WB-217204,`27233510028350`,"Delhivery Lite",prepaid,201301,"UTTAR PRADESH",NOIDA,E,1979,500,"16 * 12 * 10","DC Electrical Parameters Display","Pickup Scheduled",0,84.96,84.96,0,85,"2024-09-06 11:05:02","2024-09-12 20:30:52",1
GUJARAT,AHMEDABAD,382449,"TWINNIC INDIA PRIVATE LIMITED",TW-100003,,"2024-09-06 10:31:52","2024-09-10 00:00:00",9WD2023-B00783,`27233510028346`,"Delhivery Lite",prepaid,201301,"UTTAR PRADESH",NOIDA,D,1798,500,"16 * 12 * 10","Submersible Pump",Delivered,0,64.9,64.9,0,65,"2024-09-06 10:31:52","2024-09-10 10:54:51",1
"UTTAR PRADESH",NOIDA,201301,"TWINNIC INDIA PRIVATE LIMITED",TW-100003,,"2024-09-05 18:53:41","2024-09-09 00:00:00",MUSIC478,`27233710002424`,"Delhivery 5KG",prepaid,400058,MAHARASHTRA,MUMBAI,C,8500,5000,"40 * 28 * 22","Musical Instrument",Delivered,0,283.2,283.2,0,283,"2024-09-05 18:53:41","2024-09-09 16:30:30",1
"UTTAR PRADESH",NOIDA,201301,"TWINNIC INDIA PRIVATE LIMITED",TW-100003,,"2024-09-05 18:46:35","2024-09-09 00:00:00",HES296,`27233510028335`,"Delhivery Lite",prepaid,301427,RAJASTHAN,ALWAR,B,1770,1000,"20 * 11 * 6","Electronic Bettry",Delivered,0,100.65,100.65,0,101,"2024-09-05 18:46:35","2024-09-09 14:30:50",1
"UTTAR PRADESH",NOIDA,201301,"TWINNIC INDIA PRIVATE LIMITED",TW-100003,,"2024-09-05 17:58:30","2024-09-07 00:00:00",NAM052,`27233510028324`,"Delhivery Lite",prepaid,250002,"UTTAR PRADESH",MEERUT,A,1000,100,"22 * 10 * 1",Document,Delivered,0,45.14,45.14,0,45,"2024-09-05 17:58:30","2024-09-07 16:55:30",1
"UTTAR PRADESH",NOIDA,201301,"TWINNIC INDIA PRIVATE LIMITED",TW-100003,,"2024-09-05 17:22:07",,Demo_BD,`58142513354`,"Bluedart Air 10kg",prepaid,700023,"WEST BENGAL",KOLKATA,C,45000,10000,"10 * 10 * 10","Tester AM63LE",Cancelled,0,2065,2065,0,2065,"2024-09-05 17:22:07","2024-09-06 20:20:53",1
"UTTAR PRADESH",NOIDA,201301,"TWINNIC INDIA PRIVATE LIMITED",TW-100003,,"2024-09-05 16:33:53","2024-09-11 00:00:00",OPC0599,`27233510028313`,"Delhivery Lite",prepaid,560071,KARNATAKA,BANGALORE,C,2500,500,"22 * 18 * 6","Landline Phone",Delivered,0,60.89,60.89,0,61,"2024-09-05 16:33:53","2024-09-11 16:18:15",1
"UTTAR PRADESH",NOIDA,201301,"TWINNIC INDIA PRIVATE LIMITED",TW-100003,,"2024-09-05 16:08:15","2024-09-06 15:23:21",9WD2024-B00439,`TWI23830450115`,SMC,prepaid,110085,DELHI,"NEW DELHI",A,4178,1000,"15 * 12 * 12","AC Programmable Timer Switch DIN Rail| 220V| 30A",Delivered,0,68.44,68.44,0,68,"2024-09-05 16:08:15","2024-09-06 15:30:50",1
"UTTAR PRADESH",NOIDA,201301,"TWINNIC INDIA PRIVATE LIMITED",TW-100003,"2024-09-05 22:15:00","2024-09-05 16:07:24","2024-09-07 16:20:00",Amici_Kol,`20688709694`,"Bluedart Air",prepaid,700023,"WEST BENGAL",KOLKATA,C,2000,500,"10 * 10 * 10","Tester AM63LE",Delivered,0,88.5,88.5,0,89,"2024-09-05 16:07:24","2024-09-07 16:32:43",1
"UTTAR PRADESH",NOIDA,201301,"TWINNIC INDIA PRIVATE LIMITED",TW-100003,,"2024-09-05 16:00:09","2024-09-07 00:00:00",9WD2024-B00438,`27233510028302`,"Delhivery 2KG",prepaid,251001,"UTTAR PRADESH",MUZAFFARNAGAR,B,12036,2000,"22 * 18 * 11","3 Phase Adjustable 300- 500V Over/Under Voltage Protection Relay",Delivered,0,110.92,110.92,0,111,"2024-09-05 16:00:09","2024-09-07 15:54:33",1
"UTTAR PRADESH",NOIDA,201301,"TWINNIC INDIA PRIVATE LIMITED",TW-100003,,"2024-09-05 14:39:36","2024-09-10 12:36:31",demo002,`TWI23830450114`,SMC,prepaid,395010,GUJARAT,SURAT,D,2500,1000,"30 * 22 * 5",Clothes,Delivered,0,113.28,113.28,0,113,"2024-09-05 14:39:36","2024-09-10 12:54:44",1
"UTTAR PRADESH",GHAZIABAD,201010,"TWINNIC INDIA PRIVATE LIMITED",TW-100003,,"2024-09-05 12:49:16",,SAKSH382,`28072410004826`,"Delhivery 10KG",prepaid,609604,TAMILNADU,KARAIKAL,E,20000,15000,"40 * 20 * 20","Packing Sheet","In Transit",0,787.65,787.65,0,788,"2024-09-05 12:49:16","2024-09-12 20:30:04",1
PUNJAB,LUDHIANA,141008,"TWINNIC INDIA PRIVATE LIMITED",TW-100003,,"2024-09-05 11:37:54",,402-5822412-3807566,`27233510028291`,"Delhivery Lite",prepaid,201301,"UTTAR PRADESH",NOIDA,B,1549,500,"16 * 12 * 10","Voltage protection","Pickup Scheduled",0,50.33,50.33,0,50,"2024-09-05 11:37:54","2024-09-12 20:30:25",1
"UTTAR PRADESH",FAIZABAD,224129,"TWINNIC INDIA PRIVATE LIMITED",TW-100003,,"2024-09-05 11:17:10","2024-09-10 00:00:00",9WB-2300303,`27233510028280`,"Delhivery Lite",prepaid,201301,"UTTAR PRADESH",NOIDA,D,3239,500,"16 * 12 * 10","Multifunctional Electrical Protection Relay",Delivered,0,64.9,64.9,0,65,"2024-09-05 11:17:10","2024-09-10 10:54:08",1
MAHARASHTRA,AHMEDNAGAR,414001,"TWINNIC INDIA PRIVATE LIMITED",TW-100003,,"2024-09-05 11:15:09","2024-09-12 00:00:00",9405855191-OFF,`27233510028276`,"Delhivery Lite",prepaid,201301,"UTTAR PRADESH",NOIDA,D,5199,500,"16 * 12 * 10","Helmet Intercom V7",Delivered,0,64.9,64.9,0,65,"2024-09-05 11:15:09","2024-09-12 16:18:03",1
PUNJAB,MUKTSAR,152026,"TWINNIC INDIA PRIVATE LIMITED",TW-100003,,"2024-09-05 11:13:11","2024-09-08 00:00:00",405-1883465-4489152,`27233510028265`,"Delhivery Lite",prepaid,201301,"UTTAR PRADESH",NOIDA,D,1599,500,"16 * 12 * 10","Digital Energy Meter",Delivered,0,64.9,64.9,0,65,"2024-09-05 11:13:11","2024-09-08 14:30:42",1
JHARKHAND,JAMSHEDPUR,831013,"TWINNIC INDIA PRIVATE LIMITED",TW-100003,,"2024-09-05 11:11:09","2024-09-11 00:00:00",171-0459621-5237934,`27233510028254`,"Delhivery Lite",prepaid,201301,"UTTAR PRADESH",NOIDA,D,1549,500,"16 * 12 * 10","Voltage protection",Delivered,0,64.9,64.9,0,65,"2024-09-05 11:11:09","2024-09-11 10:30:07",1
KERALA,QUILON,691538,"TWINNIC INDIA PRIVATE LIMITED",TW-100003,,"2024-09-05 11:05:29",,408-6206087-9331547,`27233510028243`,"Delhivery Lite",prepaid,201301,"UTTAR PRADESH",NOIDA,E,768,500,"16 * 12 * 10","G700 Metal LED Torch Flashlight","Pickup Scheduled",0,84.96,84.96,0,85,"2024-09-05 11:05:29","2024-09-12 20:30:25",1
MAHARASHTRA,VASHI,400701,"TWINNIC INDIA PRIVATE LIMITED",TW-100003,,"2024-09-05 11:02:34","2024-09-09 00:00:00",402-8694654-7320354,`27233510028232`,"Delhivery Lite",prepaid,201301,"UTTAR PRADESH",NOIDA,D,6699,500,"16 * 12 * 10","Helmet Intercom V7",Delivered,0,64.9,64.9,0,65,"2024-09-05 11:02:34","2024-09-09 15:30:31",1
